{
    "Alcohol Misuse and Alcoholism": "Alcohol Misuse and Alcoholism.md",
    "Asthma": "Asthma.md",
    "Atrial Fibrillation": "Atrial Fibrillation.md",
    "Atrial Flutter": "Atrial Flutter.md",
    "Bariatric Surgery": "Bariatric Surgery.md",
    "Bipolar Disorder": "Bipolar Disorder.md",
    "Blood Pressure": "Blood Pressure.md",
    "Build-Risk Assessment": "Build-Risk Assessment.md",
    "Cholesterol and HDL-C": "Cholesterol and HDL-C.md",
    "Chronic Obstructive Pulmonary Disease (COPD)": "Chronic Obstructive Pulmonary Disease.md",
    "Coronary Artery Disease (CAD)": "Coronary Artery Disease.md",
    "Depression": "Depression.md",
    "Diabetes Mellitus": "Diabetes Mellitus.md",
    "Drug Dependence and Addiction": "Drug Dependence and Addiction.md",
    "Epilepsy": "Epilepsy.md",
    "Generalized Anxiety Disorder": "Generalized Anxiety Disorder.md",
    "Hepatitis A": "Hepatitis A.md",
    "Hepatitis B": "Hepatitis B.md",
    "Hepatitis C": "Hepatitis C.md",
    "Hodgkin's Lymphoma": "Hodgkin's Lymphoma.md",
    "Iron Deficiency Anemia": "Iron Deficiency Anemia.md",
    "Kidney Stone": "Kidney stones.md",
    "Multiple Sclerosis": "Multiple Sclerosis.md",
    "Osteoarthritis": "Osteoarthritis.md",
    "Parkinson's Disease": "Parkinsons Disease.md",
    "Sleep Apnea": "Sleep Apnea.md",
    "Stroke, Ischemic and TIA": "Stroke, Ischemic and TIA.md",
    "Ulcerative Collitis": "Ulcerative Collitis.md"
}