{
    "Alcohol Misuse and Alcoholism": "alcohol_misuse_and_alcoholism_workflow.json",
    "Asthma": "asthma_workflow.json",
    "Atrial Fibrillation": "atrial_fibrillation_workflow.json",
    "Atrial Flutter": "atrial_flutter_workflow.json",
    "Bariatric Surgery": "bariatric_surgery_workflow.json",
    "Bipolar Disorder": "bipolar_disorder_workflow.json",
    "Blood Pressure": "blood_pressure_workflow.json",
    "Build-Risk Assessment": "build-risk_assessment_workflow.json",
    "Cholesterol and HDL-C": "cholesterol_and_hdl-c_workflow.json",
    "Chronic Obstructive Pulmonary Disease (COPD)": "chronic_obstructive_pulmonary_disease_workflow.json",
    "Coronary Artery Disease (CAD)": "coronary_artery_disease_workflow.json",
    "Depression": "depression_workflow.json",
    "Diabetes Mellitus": "diabetes_mellitus_workflow.json",
    "Drug Dependence and Addiction": "drug_dependence_and_addiction_workflow.json",
    "Epilepsy": "epilepsy_workflow.json",
    "Generalized Anxiety Disorder": "generalized_anxiety_disorder_workflow.json",
    "Hepatitis A": "hepatitis_a_workflow.json",
    "Hepatitis B": "hepatitis_b_workflow.json",
    "Hepatitis C": "hepatitis_c_workflow.json",
    "Hodgkin's Lymphoma": "hodgkin's_lymphoma_workflow.json",
    "Iron Deficiency Anemia": "iron_deficiency_anemia_workflow.json",
    "Kidney Stone": "kidney_stones_workflow.json",
    "Multiple Sclerosis": "multiple_sclerosis_workflow.json",
    "Osteoarthritis": "osteoarthritis_workflow.json",
    "Parkinson's Disease": "parkinsons_disease_workflow.json",
    "Sleep Apnea": "sleep_apnea_workflow.json",
    "Stroke, Ischemic and TIA": "stroke,_ischemic_and_tia_workflow.json",
    "Ulcerative Collitis": "ulcerative_collitis_workflow.json"
}