{
    "alcohol_misuse_and_alcoholism_workflow.json":"Alcohol Misuse and Alcoholism", 
    "asthma_workflow.json":"Asthma",
    "atrial_fibrillation_workflow.json":"Atrial Fibrillation",
    "atrial_flutter_workflow.json":"Atrial Flutter",
    "bariatric_surgery_workflow.json":"Bariatric Surgery",
    "bipolar_disorder_workflow.json":"Bipolar Disorder",
    "blood_pressure_workflow.json":"Blood Pressure",
    "build-risk_assessment_workflow.json":"Build-Risk Assessment",
    "cholesterol_and_hdl-c_workflow.json":"Cholesterol and HDL-C",
    "chronic_obstructive_pulmonary_disease_copd_workflow.json":"Chronic Obstructive Pulmonary Disease (COPD)",
    "coronary_artery_disease_cad_workflow.json":"Coronary Artery Disease (CAD)",
    "depression_workflow.json":"Depression",
    "diabetes_mellitus_workflow.json":"Diabetes Mellitus",
    "drug_dependence_and_addiction_workflow.json":"Drug Dependence and Addiction",
    "epilepsy_workflow.json":"Epilepsy",
    "generalized_anxiety_disorder_workflow.json":"Generalized Anxiety Disorder",
    "hepatitis_a_workflow.json":"Hepatitis A",
    "hepatitis_b_workflow.json":"Hepatitis B",
    "hepatitis_c_workflow.json":"Hepatitis C",
    "hodgkin's_lymphoma_workflow.json":"Hodgkin's Lymphoma",
    "iron_deficiency_anemia_workflow.json":"Iron Deficiency Anemia",
    "kidney_stone_workflow.json":"Kidney Stone",
    "multiple_sclerosis_workflow.json":"Multiple Sclerosis",
    "osteoarthritis_workflow.json":"Osteoarthritis",
    "parkinson’s_disease_workflow.json":"Parkinson’s Disease",
    "sleep_apnea_workflow.json":"Sleep Apnea",
    "stroke_ischemic_and_tia_workflow.json":"Stroke, Ischemic and TIA",
    "ulcerative_collitis_workflow.json":"Ulcerative Collitis"
}