{
  "manual_section": "Alcohol Misuse and Alcoholism",
  
  "segments": [
    {
      "id": 1,
      "content": "Alcohol Markers: Evaluation based on CDT and LFTs results, history of alcohol excess, abuse, or dependence.",
      "rating": {
        "Positive CDT, other markers positive": {
          ">60": "+60",
          "<60": "+120"
        },
        "Positive CDT, other markers negative": "Standard",
        "Abnormal LFTs": "Individual Consideration (IC)",
        "History of alcohol excess, normal LFTs": "Rate as alcohol excess",
        "History of alcohol abuse/dependence": "Decline"
      },
      "importance": 8
    },
    {
      "id": 2,
      "content": "Liver Function Tests (LFTs): Ratings based on elevated LFTs and presence of alcohol markers.",
      "rating": {
        "Elevated LFTs, no criticism": {
          "Positive": "IC",
          "Negative": "See LFTs table",
          "No marker available": "See LFTs table"
        },
        "Elevated LFTs, with criticism": "Rate as heavy drinking"
      },
      "importance": 7
    },
    {
      "id": 3,
      "content": "Current Daily Alcohol Drinking Pattern: Ratings based on the number of drinks consumed per day.",
      "rating": {
        "0\u20132": "Standard",
        "3\u20134": "Standard",
        "5\u20136": "+60 (IC)",
        "7\u201310": "Rate as alcohol excess",
        ">10": "Rate as alcohol abuse"
      },
      "importance": 8
    },
    {
      "id": 4,
      "content": "Alcohol Excess: Ratings based on time since last use/reduction and associated factors.",
      "rating": {
        "Time Since Last Use/Reduction": {
          "<30 yrs": {
            "0\u20131 year": "Decline",
            "1\u20132 years": "+180",
            "2\u20133 years": "+100",
            "3\u20134 years": "+60",
            ">4 years": "Standard"
          },
          "30\u201349 yrs": {
            "0\u20131 year": "+140",
            "1\u20132 years": "+100",
            "2\u20133 years": "+60",
            "3\u20134 years": "Standard",
            ">4 years": "Standard"
          },
          "50\u201364 yrs": {
            "0\u20131 year": "+100",
            "1\u20132 years": "+60",
            "2\u20133 years": "Standard",
            "3\u20134 years": "Standard",
            ">4 years": "Standard"
          },
          "65+ yrs": {
            "0\u20131 year": "+80",
            "1\u20132 years": "+30",
            "2\u20133 years": "Standard",
            "3\u20134 years": "Standard",
            ">4 years": "Standard"
          }
        },
        "Factors Associated with Alcohol Excess": {
          "Recurrent heavy use": "Rate as 0\u20131 yr",
          "Positive CDT, normal LFTs, other markers negative": "Rate as 0\u20131 yr",
          "Positive CDT, normal LFTs, other markers positive": "Decline (IC)",
          "Elevated LFTs": "IC",
          "With substance abuse": "Postpone 5 yrs, then IC",
          "Attending AA": "Credit -25"
        }
      },
      "importance": 9
    },
    {
      "id": 5,
      "content": "Alcohol Abuse or Dependence: Ratings based on time since last use and associated factors.",
      "rating": {
        "Time Since Last Use": {
          "<30 yrs": {
            "0\u20131 year": "Decline",
            "1\u20132 years": "Decline",
            "2\u20133 years": "+180",
            "3\u20134 years": "+120",
            "4\u20135 years": "+80",
            ">5 years": "+40"
          },
          "30\u201349 yrs": {
            "0\u20131 year": "Decline",
            "1\u20132 years": "Decline",
            "2\u20133 years": "+120",
            "3\u20134 years": "+80",
            "4\u20135 years": "+40",
            ">5 years": "Standard"
          },
          "50\u201364 yrs": {
            "0\u20131 year": "Decline",
            "1\u20132 years": "+180",
            "2\u20133 years": "+80",
            "3\u20134 years": "+40",
            "4\u20135 years": "Standard",
            ">5 years": "Standard"
          },
          "65+ yrs": {
            "0\u20131 year": "Decline",
            "1\u20132 years": "+100",
            "2\u20133 years": "+40",
            "3\u20134 years": "Standard",
            "4\u20135 years": "Standard",
            ">5 years": "Standard"
          }
        },
        "Factors Associated with Alcohol Abuse or Dependence": {
          "Current drinking": "Usually Decline",
          "Positive CDT or HAA": "Decline",
          "Elevated LFTs": "IC",
          "With substance abuse": "Postpone 5 yrs, then IC",
          "Currently in residential treatment": "Decline",
          "Use of disulfiram, naltrexone, etc.": "IC",
          "Attending AA": "Credit -25",
          "One relapse <2 years": "Postpone",
          "One relapse 2\u201310 years": "Add +50",
          "One relapse >10 years": "Add +25",
          "Two or more relapses": "Postpone 5 yrs, then IC",
          "Anti-social personality": "Decline",
          "Severe depression": "Decline",
          "Moderate depression": "IC",
          "Mild depression": "Add +0 to +40",
          "Gambling disorder": "IC",
          "Suicide attempt <5 years": "Decline",
          "Suicide attempt >5 years": "IC",
          "Cardiomyopathy, current drinking": "Decline",
          "Cardiomyopathy, abstinent": "IC",
          "Cirrhosis": "See cirrhosis section",
          "Portal hypertension, bleeding": "Decline",
          "Portal hypertension, no bleeding": "IC",
          "Korsakoff's syndrome": "Decline",
          "Wernicke's encephalopathy, current": "Decline",
          "Wernicke's encephalopathy, remote": "IC",
          "Atrial fibrillation, current drinking": "Decline",
          "Atrial fibrillation, abstinent": "Rate as AF",
          "Liver transplant": "Decline"
        }
      },
      "importance": 9
    },
    {
      "id": 6,
      "content": "WP, ADB, and LTC Ratings: Ratings based on LIFE rating and daily alcohol consumption.",
      "rating": {
        "LIFE Rating": {
          "Standard": {
            "WP": "Standard",
            "ADB": "Standard",
            "LTC": "Standard"
          },
          "+25 to +60": {
            "WP": "Decline",
            "ADB": "Decline",
            "LTC": "Decline"
          },
          "+80 or higher": {
            "WP": "Decline",
            "ADB": "Decline",
            "LTC": "Decline"
          },
          "Ratable alcohol abuse, dependence, or excess": {
            "WP": "Decline",
            "ADB": "Decline",
            "LTC": "Decline"
          },
          ">4 drinks/day": {
            "WP": "Decline",
            "ADB": "Decline",
            "LTC": "Decline"
          }
        }
      },
      "importance": 7
    }
  ],
  "steps": [
    {
      "id": 1,
      "step_description": "Evaluate alcohol markers using CDT and LFTs results, considering history of alcohol excess, abuse, or dependence.",
      "text_from_manual": {
          "Positive CDT, other markers positive AND Age>60": "+60",
          "Positive CDT, other markers positive AND Age<60": "+120",
          "Positive CDT, other markers negative AND Any Age": "Standard",        
          "Abnormal LFTs AND Any Age": "Individual Consideration (IC)",
          "History of alcohol excess, normal LFTs AND Any Age": "Rate as alcohol excess",
          "History of alcohol abuse/dependence AND Any Age": "Decline"
        }
    },
    {
      "id": 2,
      "step_description": "Assess liver function tests (LFTs) and rate based on elevated LFTs and presence of alcohol markers.",
      "text_from_manual": {
          "Elevated LFTs, no criticism AND Alcohol Marker Positive": "IC",
          "Elevated LFTs, no criticism AND Alcohol MarkerNegative": "See LFTs table",
          "Elevated LFTs, no criticism AND No Alcohol marker available": "See LFTs table",
          "Elevated LFTs, with criticism AND Any Alcohol Marker": "Rate as heavy drinking"
        }
    },
    {
      "id": 3,
      "step_description": "Determine current daily alcohol consumption pattern and rate based on the number of drinks consumed per day.",
      "text_from_manual": {
          "0-2": "Standard",
          "3-4": "Standard",
          "5-6": "+60 (IC)",
          "7-10": "Rate as alcohol excess",
          ">10":"Rate as alcohol abuse"
        }
    },
    {
      "id": 4,
      "step_description": "Evaluate alcohol excess and abuse/dependence based on time since last use/reduction and associated factors.",
      "text_from_manual": {
          "Age <30 yrs": {
            "Time Since last use or reduction 0-1 year": "Decline",
            "Time Since last use or reduction 1-2 years": "+180",
            "Time Since last use or reduction 2-3 years": "+100",
            "Time Since last use or reduction 3-4 years": "+60",
            "Time Since last use or reduction >4 years": "Standard"
          },
          "Age 30-49 yrs": {
            "Time Since last use or reduction 0-1 year": "+140",
            "Time Since last use or reduction 1-2 years": "+100",
            "Time Since last use or reduction 2-3 years": "+60",
            "Time Since last use or reduction 3-4 years": "Standard",
            "Time Since last use or reduction >4 years": "Standard"
          },
          "Age 50-64 yrs": {
            "Time Since last use or reduction 0-1 year": "+100",
            "Time Since last use or reduction 1-2 years": "+60",
            "Time Since last use or reduction 2-3 years": "Standard",
            "Time Since last use or reduction 3-4 years": "Standard",
            "Time Since last use or reduction >4 years": "Standard"
          },
          "Age 65+ yrs": {
            "Time Since last use or reduction 0-1 year": "+80",
            "Time Since last use or reduction 1-2 years": "+30",
            "Time Since last use or reduction 2-3 years": "Standard",
            "Time Since last use or reduction 3-4 years": "Standard",
            "Time Since last use or reduction >4 years": "Standard"
          },
          "Recurrent heavy use": "Rate as 0-1 year",
          "Positive CDT, normal LFTs, other markers negative": "Rate as 0-1 year",
          "Positive CDT, normal LFTs, other markers positive": "Decline (IC)",
          "Elevated LFTs": "IC",
          "With substance abuse": "Postpone 5 yrs, then IC",
          "Attending AA": "Credit -25"
      }
    },
    {
      "id": 5,
      "step_description": "Evaluate alcohol abuse or dependence based on time since last use.",
      "text_from_manual": {
          "Age <30 yrs": {
            "Time Since last use 0-1 year": "Decline",
            "Time Since last use 1-2 years": "Decline",
            "Time Since last use 2-3 years": "+180",
            "Time Since last use 3-4 years": "+120",
            "Time Since last use 4-5 years": "+80",
            "Time Since last use >5 years": "+40"
          },
          "Age 30-49 yrs": {
            "Time Since last use 0-1 year": "Decline",
            "Time Since last use 1-2 years": "Decline",
            "Time Since last use 2-3 years": "+120",
            "Time Since last use 3-4 years": "+80",
            "Time Since last use 4-5 years": "+40",
            "Time Since last use >5 years": "Standard"
          },
          "Age 50-64 yrs": {
            "Time Since last use 0-1 year": "Decline",
            "Time Since last use 1-2 years": "+180",
            "Time Since last use 2-3 years": "+80",
            "Time Since last use 3-4 years": "+40",
            "Time Since last use 4-5 years": "Standard",
            "Time Since last use >5 years": "Standard"
          },
          "Age 65+ yrs": {    
            "Time Since last use 0-1 year": "Decline",
            "Time Since last use 1-2 years": "+100",
            "Time Since last use 2-3 years": "+40",
            "Time Since last use 3-4 years": "Standard",
            "Time Since last use 4-5 years": "Standard",
            "Time Since last use >5 years": "Standard"
          }
        }
    },
    {
      "id":6,
      "step_description": "Determine the factors associated with alcohol abuse or dependence and rate accordingly.",
      "text_from_manual": {
          "Current drinking": "Usually Decline",
          "Positive CDT or HAA": "Decline",
          "Elevated LFTs": "IC",
          "With substance abuse": "Postpone 5 yrs, then IC",
          "Currently in residential treatment": "Decline",
          "Use of disulfiram, naltrexone, etc.": "IC",
          "Attending AA": "Credit -25",
          "One relapse <2 years": "Postpone",
          "One relapse 2\u201310 years": "Add +50",
          "One relapse >10 years": "Add +25",
          "Two or more relapses": "Postpone 5 yrs, then IC",
          "Anti-social personality": "Decline",
          "Severe depression": "Decline",
          "Moderate depression": "IC",
          "Mild depression": "Add +0 to +40",
          "Gambling disorder": "IC",
          "Suicide attempt <5 years": "Decline",
          "Suicide attempt >5 years": "IC",
          "Cardiomyopathy, current drinking": "Decline",
          "Cardiomyopathy, abstinent": "IC",
          "Cirrhosis": "See cirrhosis section",
          "Portal hypertension, bleeding": "Decline",
          "Portal hypertension, no bleeding": "IC",
          "Korsakoff's syndrome": "Decline",
          "Wernicke's encephalopathy, current": "Decline",
          "Wernicke's encephalopathy, remote": "IC",
          "Atrial fibrillation, current drinking": "Decline",
          "Atrial fibrillation, abstinent": "Rate as AF",
          "Liver transplant": "Decline"
    }
    },
    {
      "id": 7,
      "step_description": "Determine WP, ADB, and LTC ratings based on LIFE rating and daily alcohol consumption.",
      "text_from_manual": {
          "Standard": {
            "WP": "Standard",
            "ADB": "Standard",
            "LTC": "Standard"
          },
          "+25 to +60": {
            "WP": "Decline",
            "ADB": "Decline",
            "LTC": "Decline"
          },
          "+80 or higher": {
            "WP": "Decline",
            "ADB": "Decline",
            "LTC": "Decline"
          },
          "Ratable alcohol abuse, dependence, or excess": {
            "WP": "Decline",
            "ADB": "Decline",
            "LTC": "Decline"
          },
          ">4 drinks/day": {
            "WP": "Decline",
            "ADB": "Decline",
            "LTC": "Decline"
          }
        }
    }
  ]
}