{
  "manual_section": "Asthma",
  
  "segments": [
    {
      "id": 1,
      "content": "Asthma Severity and Rating Table: Provides ratings based on severity and age group, with adjustments for smokers.",
      "rating": {
        "Minimal": {
          "0-5": "+0",
          "6-16": "+0",
          "17-20": "+0",
          "21-70": "+0",
          ">70": "+0",
          "Smoker Adjustment": "+0"
        },
        "Mild": {
          "0-5": "IC",
          "6-16": "+0 to +45",
          "17-20": "+0 to +45",
          "21-70": "+0 to +45",
          ">70": "+0 to +45",
          "Smoker Adjustment": "Standard"
        },
        "Moderate": {
          "0-5": "Decline",
          "6-16": "+90 or Decline",
          "17-20": "+90 to +140",
          "21-70": "+45 to +90",
          ">70": "+45",
          "Smoker Adjustment": "Add +45 (decline if <17)"
        },
        "Severe": {
          "0-5": "Decline",
          "6-16": "Decline",
          "17-20": "Decline",
          "21-70": "+140 to Decline",
          ">70": "IC",
          "Smoker Adjustment": "Decline"
        }
      },
      "importance": 8
    },
    {
      "id": 2,
      "content": "Notes on Asthma Severity: Provides additional considerations for rating asthma cases, especially for smokers and juveniles.",
      "rating": {
        "Best classes": "Possible for best cases within minimal and mild severities",
        "Smoker over age 50": "Assess for underlying COPD",
        "Ages <16": "Cannot be rated over 200%, decline if >+90"
      },
      "importance": 7
    },
    {
      "id": 3,
      "content": "Long-Term Care (LTC) Rating Table: Provides LTC ratings based on life rating category and severity.",
      "rating": {
        "Minimal or Mild, non-smoker": "Life rating",
        "Moderate, no frequent exacerbations": "+45, not better",
        "Frequent exacerbations": "Decline",
        "Severe": "Decline",
        "Smoker, any severity": "Decline",
        "Oxygen use": "Decline"
      },
      "importance": 6
    },
    {
      "id": 4,
      "content": "Waiver of Premium (WP) and Accidental Death Benefit (ADB) Table: Provides WP and ADB ratings based on life rating.",
      "rating": {
        "+0": {
          "WP": "+0",
          "ADB": "+0"
        },
        "+20 to +45": {
          "WP": "Decline",
          "ADB": "1.5x"
        },
        "+70 to +90": {
          "WP": "Decline",
          "ADB": "2x"
        },
        ">+90": {
          "WP": "Decline",
          "ADB": "Decline"
        }
      },
      "importance": 5
    }
  ],
  "steps": [
    {
      "id": 1,
      "step_description": "Assess asthma severity using age and smoker status to determine appropriate ratings. Read the table in the following way: e.g. the main key  \"Minimal\" is the severity, the sub key \"6-16\" is the age group, and the value \"+0\" is the rating to be applied.",
      "text_from_manual": {
          "Minimal": {
            "0-5": "+0",
            "6-16": "+0",
            "17-20": "+0",
            "21-70": "+0",
            ">70": "+0",
            "Smoker Adjustment": "+0"
          },
          "Mild": {
            "0-5": "IC",
            "6-16": "+0 to +45",
            "17-20": "+0 to +45",
            "21-70": "+0 to +45",
            ">70": "+0 to +45",
            "Smoker Adjustment": "Standard"
          },
          "Moderate": {
            "0-5": "Decline",
            "6-16": "+90 or Decline",
            "17-20": "+90 to +140",
            "21-70": "+45 to +90",
            ">70": "+45",
            "Smoker Adjustment": "Add +45 (decline if <17)"
          },
          "Severe": {
            "0-5": "Decline",
            "6-16": "Decline",
            "17-20": "Decline",
            "21-70": "+140 to Decline",
            ">70": "IC",
            "Smoker Adjustment": "Decline"
          }
        }
    },
    {
      "id": 2,
      "step_description": "Determine Long-Term Care (LTC) ratings based on life rating category and asthma severity.",
      "text_from_manual": {
          "Minimal or Mild, non-smoker": "Life rating",
          "Moderate, no frequent exacerbations": "+45, not better",
          "Frequent exacerbations": "Decline",
          "Severe": "Decline",
          "Smoker, any severity": "Decline",
          "Oxygen use": "Decline"
      }
    },
    {
      "id": 3,
      "step_description": "Evaluate Waiver of Premium (WP) and Accidental Death Benefit (ADB) ratings based on life rating.",
      "text_from_manual": {
          "+0": {
            "WP": "+0",
            "ADB": "+0"
          },
          "+20 to +45": {
            "WP": "Decline",
            "ADB": "1.5x"
          },
          "+70 to +90": {
            "WP": "Decline",
            "ADB": "2x"
          },
          ">+90": {
            "WP": "Decline",
            "ADB": "Decline"
          }
      }
    }
  ]
}