{
  "manual_section": "Build-Risk Assessment",
  "steps": [
    {
      "id": 1,
      "step_description": "Assess build-risk using Overweight Build Tables (height and weight measurements) and apply appropriate ratings. Read table in the following way: e.g. the main key \"4'9\" is the height, the sub key \"193\" is the weight in lbs, and the value \"+25\" is the rating to be applied.",
      "text_from_manual": {
          "Height": {
            "4'8\"": {
              "189": "+25",
              "200": "+50",
              "208": "+75",
              "215": "+100",
              "220": "+125",
              "227": "+150",
              "238": "+200",
              "247": "+250",
              "256": "+300",
              "265": "+350",
              "274": "+400"
            },
            "4'9\"": {
              "193": "+25",
              "204": "+50",
              "212": "+75",
              "218": "+100",
              "225": "+125",
              "231": "+150",
              "242": "+200",
              "251": "+250",
              "260": "+300",
              "269": "+350",
              "278": "+400"
            },
            "4'10\"": {
              "197": "+25",
              "208": "+50",
              "216": "+75",
              "223": "+100",
              "229": "+125",
              "235": "+150",
              "247": "+200",
              "256": "+250",
              "265": "+300",
              "274": "+350",
              "283": "+400"
            },
            "4'11\"": {
              "201": "+25",
              "212": "+50",
              "220": "+75",
              "226": "+100",
              "233": "+125",
              "239": "+150",
              "251": "+200",
              "260": "+250",
              "269": "+300",
              "278": "+350",
              "287": "+400"
            },
            "5'0\"": {
              "205": "+25",
              "216": "+50",
              "224": "+75",
              "232": "+100",
              "238": "+125",
              "243": "+150",
              "255": "+200",
              "264": "+250",
              "273": "+300",
              "282": "+350",
              "291": "+400"
            },
            "5'1\"": {
              "210": "+25",
              "221": "+50",
              "229": "+75",
              "237": "+100",
              "242": "+125",
              "247": "+150",
              "259": "+200",
              "268": "+250",
              "277": "+300",
              "286": "+350",
              "295": "+400"
            },
            "5'2\"": {
              "214": "+25",
              "225": "+50",
              "232": "+75",
              "240": "+100",
              "246": "+125",
              "252": "+150",
              "263": "+200",
              "271": "+250",
              "280": "+300",
              "289": "+350",
              "299": "+400"
            },
            "5'3\"": {
              "219": "+25",
              "230": "+50",
              "238": "+75",
              "246": "+100",
              "252": "+125",
              "258": "+150",
              "271": "+200",
              "280": "+250",
              "289": "+300",
              "298": "+350",
              "307": "+400"
            },
            "5'4\"": {
              "225": "+25",
              "236": "+50",
              "244": "+75",
              "252": "+100",
              "259": "+125",
              "265": "+150",
              "278": "+200",
              "288": "+250",
              "297": "+300",
              "306": "+350",
              "315": "+400"
            },
            "5'5\"": {
              "231": "+25",
              "242": "+50",
              "250": "+75",
              "258": "+100",
              "265": "+125",
              "272": "+150",
              "285": "+200",
              "295": "+250",
              "304": "+300",
              "313": "+350",
              "322": "+400"
            },
            "5'6\"": {
              "237": "+25",
              "248": "+50",
              "256": "+75",
              "264": "+100",
              "271": "+125",
              "278": "+150",
              "292": "+200",
              "302": "+250",
              "311": "+300",
              "320": "+350",
              "329": "+400"
            },
            "5'7\"": {
              "243": "+25",
              "254": "+50",
              "263": "+75",
              "271": "+100",
              "279": "+125",
              "286": "+150",
              "300": "+200",
              "310": "+250",
              "319": "+300",
              "328": "+350",
              "337": "+400"
            },
            "5'8\"": {
              "250": "+25",
              "262": "+50",
              "271": "+75",
              "279": "+100",
              "287": "+125",
              "294": "+150",
              "308": "+200",
              "318": "+250",
              "327": "+300",
              "336": "+350",
              "345": "+400"
            },
            "5'9\"": {
              "257": "+25",
              "270": "+50",
              "279": "+75",
              "288": "+100",
              "295": "+125",
              "302": "+150",
              "317": "+200",
              "327": "+250",
              "336": "+300",
              "345": "+350",
              "354": "+400"
            },
            "5'10\"": {
              "264": "+25",
              "277": "+50",
              "286": "+75",
              "295": "+100",
              "302": "+125",
              "309": "+150",
              "324": "+200",
              "335": "+250",
              "345": "+300",
              "355": "+350",
              "365": "+400"
            },
            "5'11\"": {
              "271": "+25",
              "284": "+50",
              "293": "+75",
              "303": "+100",
              "310": "+125",
              "317": "+150",
              "332": "+200",
              "343": "+250",
              "353": "+300",
              "363": "+350",
              "373": "+400"
            },
            "6'0\"": {
              "279": "+25",
              "292": "+50",
              "301": "+75",
              "311": "+100",
              "318": "+125",
              "325": "+150",
              "340": "+200",
              "351": "+250",
              "361": "+300",
              "371": "+350",
              "381": "+400"
            },
            "6'1\"": {
              "287": "+25",
              "300": "+50",
              "309": "+75",
              "319": "+100",
              "326": "+125",
              "333": "+150",
              "348": "+200",
              "360": "+250",
              "370": "+300",
              "380": "+350",
              "390": "+400"
            },
            "6'2\"": {
              "295": "+25",
              "308": "+50",
              "317": "+75",
              "327": "+100",
              "334": "+125",
              "341": "+150",
              "356": "+200",
              "369": "+250",
              "379": "+300",
              "389": "+350",
              "399": "+400"
            },
            "6'3\"": {
              "303": "+25",
              "316": "+50",
              "325": "+75",
              "335": "+100",
              "342": "+125",
              "350": "+150",
              "365": "+200",
              "378": "+250",
              "388": "+300",
              "398": "+350",
              "408": "+400"
            },
            "6'4\"": {
              "311": "+25",
              "324": "+50",
              "333": "+75",
              "343": "+100",
              "351": "+125",
              "358": "+150",
              "374": "+200",
              "387": "+250",
              "397": "+300",
              "407": "+350",
              "412": "+400"
            },
            "6'5\"": {
              "319": "+25",
              "332": "+50",
              "341": "+75",
              "351": "+100",
              "359": "+125",
              "367": "+150",
              "383": "+200",
              "396": "+250",
              "406": "+300",
              "416": "+350",
              "426": "+400"
            },
            "6'6\"": {
              "326": "+25",
              "340": "+50",
              "349": "+75",
              "359": "+100",
              "367": "+125",
              "375": "+150",
              "392": "+200",
              "405": "+250",
              "415": "+300",
              "425": "+350",
              "435": "+400"
            },
            "6'7\"": {
              "334": "+25",
              "348": "+50",
              "357": "+75",
              "367": "+100",
              "375": "+125",
              "384": "+150",
              "401": "+200",
              "414": "+250",
              "424": "+300",
              "434": "+350",
              "444": "+400"
            },
            "6'8\"": {
              "342": "+25",
              "356": "+50",
              "366": "+75",
              "375": "+100",
              "384": "+125",
              "393": "+150",
              "410": "+200",
              "423": "+250",
              "433": "+300",
              "443": "+350",
              "453": "+400"
            },
            "6'9\"": {
              "350": "+25",
              "364": "+50",
              "374": "+75",
              "384": "+100",
              "393": "+125",
              "401": "+150",
              "419": "+200",
              "432": "+250",
              "442": "+300",
              "452": "+350",
              "462": "+400"
            },
            "6'10\"": {
              "358": "+25",
              "372": "+50",
              "382": "+75",
              "392": "+100",
              "401": "+125",
              "410": "+150",
              "428": "+200",
              "441": "+250",
              "451": "+300",
              "461": "+350",
              "471": "+400"
            },
            "6'11\"": {
                "366": "+25",
                "380": "+50",
                "390": "+75",
                "400": "+100",
                "409": "+125",
                "418": "+150",
                "436": "+200",
                "450": "+250",
                "460": "+300",
                "470": "+350",
                "480": "+400"
            }
      }
      }
    },
    {
      "id": 2,
      "step_description": "Access the ratings for Underweight Build, by consulting the Underweight Build Table, if the underweight situation applies. Read the table in the following way: e.g. the main key \"4'9\" is the height, the sub key \"Male 81\" means male with weight of 81 lbs, and the value \"+100\" is the rating to be applied.",
      "text_from_manual": {
          "Height": {
            "4'8\"": {
              "Male 79": "+100",
              "Male 91": "+50",
              "Male 121": "Avg",
              "Female 68": "+100",
              "Female 79": "+50",
              "Female 105": "Avg"
            },
            "4'9\"": {
              "Male 81": "+100",
              "Male 93": "+50",
              "Male 124": "Avg",
              "Female 70": "+100",
              "Female 81": "+50",
              "Female 108": "Avg"
            },
            "4'10\"": {
              "Male 83": "+100",
              "Male 95": "+50",
              "Male 127": "Avg",
              "Female 73": "+100",
              "Female 84": "+50",
              "Female 112": "Avg"
            },
            "4'11\"": {
              "Male 85": "+100",
              "Male 98": "+50",
              "Male 130": "Avg",
              "Female 75": "+100",
              "Female 87": "+50",
              "Female 116": "Avg"
            },
            "5'0\"": {
              "Male 87": "+100",
              "Male 100": "+50",
              "Male 133": "Avg",
              "Female 77": "+100",
              "Female 89": "+50",
              "Female 118": "Avg"
            },
            "5'1\"": {
              "Male 89": "+100",
              "Male 102": "+50",
              "Male 136": "Avg",
              "Female 79": "+100",
              "Female 92": "+50",
              "Female 122": "Avg"
            },
            "5'2\"": {
              "Male 91": "+100",
              "Male 104": "+50",
              "Male 139": "Avg",
              "Female 81": "+100",
              "Female 94": "+50",
              "Female 125": "Avg"
            },
            "5'3\"": {
              "Male 93": "+100",
              "Male 107": "+50",
              "Male 143": "Avg",
              "Female 84": "+100",
              "Female 97": "+50",
              "Female 129": "Avg"
            },
            "5'4\"": {
              "Male 96": "+100",
              "Male 110": "+50",
              "Male 147": "Avg",
              "Female 86": "+100",
              "Female 99": "+50",
              "Female 132": "Avg"
            },
            "5'5\"": {
              "Male 98": "+100",
              "Male 113": "+50",
              "Male 151": "Avg",
              "Female 88": "+100",
              "Female 102": "+50",
              "Female 136": "Avg"
            },
            "5'6\"": {
              "Male 101": "+100",
              "Male 115": "+50",
              "Male 154": "Avg",
              "Female 91": "+100",
              "Female 104": "+50",
              "Female 139": "Avg"
            },
            "5'7\"": {
              "Male 104": "+100",
              "Male 118": "+50",
              "Male 158": "Avg",
              "Female 93": "+100",
              "Female 107": "+50",
              "Female 143": "Avg"
            },
            "5'8\"": {
              "Male 106": "+100",
              "Male 121": "+50",
              "Male 162": "Avg",
              "Female 96": "+100",
              "Female 109": "+50",
              "Female 146": "Avg"
            },
            "5'9\"": {
              "Male 109": "+100",
              "Male 124": "+50",
              "Male 166": "Avg",
              "Female 98": "+100",
              "Female 112": "+50",
              "Female 150": "Avg"
            },
            "5'10\"": {
              "Male 112": "+100",
              "Male 127": "+50",
              "Male 170": "Avg",
              "Female 101": "+100",
              "Female 115": "+50",
              "Female 154": "Avg"
            },
            "5'11\"": {
              "Male 115": "+100",
              "Male 130": "+50",
              "Male 174": "Avg",
              "Female 104": "+100",
              "Female 118": "+50",
              "Female 158": "Avg"
            },
            "6'0\"": {
              "Male 118": "+100",
              "Male 133": "+50",
              "Male 178": "Avg",
              "Female 107": "+100",
              "Female 121": "+50",
              "Female 162": "Avg"
            },
            "6'1\"": {
              "Male 121": "+100",
              "Male 136": "+50",
              "Male 182": "Avg",
              "Female 110": "+100",
              "Female 124": "+50",
              "Female 166": "Avg"
            },
            "6'2\"": {
              "Male 124": "+100",
              "Male 139": "+50",
              "Male 186": "Avg",
              "Female 113": "+100",
              "Female 127": "+50",
              "Female 170": "Avg"
            },
            "6'3\"": {
              "Male 127": "+100",
              "Male 142": "+50",
              "Male 190": "Avg",
              "Female 116": "+100",
              "Female 130": "+50",
              "Female 174": "Avg"
            },
            "6'4\"": {
              "Male 130": "+100",
              "Male 145": "+50",
              "Male 194": "Avg",
              "Female 119": "+100",
              "Female 133": "+50",
              "Female 178": "Avg"
            },
            "6'5\"": {
              "Male 133": "+100",
              "Male 148": "+50",
              "Male 198": "Avg",
              "Female 122": "+100",
              "Female 136": "+50",
              "Female 182": "Avg"
            },
            "6'6\"": {
              "Male 136": "+100",
              "Male 151": "+50",
              "Male 202": "Avg",
              "Female 125": "+100",
              "Female 139": "+50",
              "Female 186": "Avg"
            },
            "6'7\"": {
              "Male 139": "+100",
              "Male 154": "+50",
              "Male 206": "Avg",
              "Female 128": "+100",
              "Female 142": "+50",
              "Female 190": "Avg"
            },
            "6'8\"": {
              "Male 142": "+100",
              "Male 157": "+50",
              "Male 210": "Avg",
              "Female 131": "+100",
              "Female 145": "+50",
              "Female 194": "Avg"
            },
            "6'9\"": {
              "Male 145": "+100",
              "Male 160": "+50",
              "Male 214": "Avg",
              "Female 134": "+100",
              "Female 148": "+50",
              "Female 198": "Avg"
            },
            "6'10\"": {
              "Male 148": "+100",
              "Male 163": "+50",
              "Male 218": "Avg",
              "Female 137": "+100",
              "Female 151": "+50",
              "Female 202": "Avg"
            },
            "6'11\"": {
              "Male 151": "+100",
              "Male 166": "+50",
              "Male 222": "Avg",
              "Female 140": "+100",
              "Female 154": "+50",
              "Female 206": "Avg"
            }
          }
      }
    }
    ]
}