{
  "manual_section": "Diabetes Mellitus",
  "steps": [
    {
      "id": 1,
      "step_description": "Identify if the diabetes is gestational, prediabetes, Apply ratings based on age and control level. Refer to specific tables for gestational and prediabetes ratings.",
      "text_from_manual": {
          "Gestational Diabetes - Currently pregnant": {
            "Diet or oral medication": "IC",
            "Insulin": "Postpone"
          },
          "Gestational Diabetes - Not pregnant": {
            "HbA1c <= 6.0": "Standard",
            "HbA1c 6.1-6.4": "+40",
            "HbA1c >= 6.5": "Rate as Type 2"
          }
        }
    },
    {
        "id": 2,
        "step_description": "Apply basic rating for Type 1 diabetes based on age at application",
        "text_from_manual": {
            "Type 1 Diabetes - Age 0-16": "Decline",
            "Type 1 Diabetes - Age 17-19": "+160",
            "Type 1 Diabetes - Age 20-29": "+120",
            "Type 1 Diabetes - Age 30-39": "+80",
            "Type 1 Diabetes - Age 40-49": "+50",
            "Type 1 Diabetes - Age 50-59": "+30",
            "Type 1 Diabetes - Age 60-69": "Standard",
            "Type 1 Diabetes - Age 70+": "Standard"
          }
    },
    {
        "id": 3,
        "step_description": "Apply basic rating for Type 2 diabetes based on age at application",
        "text_from_manual": {
            "Type 2 Diabetes - Age 0-16": "Decline",
            "Type 2 Diabetes - Age 17-19": "+100",
            "Type 2 Diabetes - Age 20-29": "+70",
            "Type 2 Diabetes - Age 30-39": "+40",
            "Type 2 Diabetes - Age 40-49": "+20",
            "Type 2 Diabetes - Age 50-59": "Standard",
            "Type 2 Diabetes - Age 60-69": "Standard",
            "Type 2 Diabetes - Age 70+": "Standard"
          }
    },
    {
      "id": 4,
      "step_description": "Assess the control level of diabetes by analyzing HbA1c and fasting glucose levels. Apply credits or debits based on control chart.",
      "text_from_manual": {
          "Excellent": {
            "HbA1c <7.1 AND Fasting Glucose <140 mg/dl": "Credit/Debit: -40"
          },
          "Good": {
            "HbA1c 7.1-8.0 AND Fasting Glucose 140-175 mg/dl": "Credit/Debit: -20 to 0"
          },
          "Fair": {
            "HbA1c 8.1-9.5 AND Fasting Glucose 176-200 mg/dl": "Credit/Debit: 0 to +20"
          },
          "Poor": {
            "HbA1c 9.6-11 AND Fasting Glucose 201-220 mg/dl": "Credit/Debit: +40 to +80"
          },
          "Uncontrolled": {
            "HbA1c >11 AND Fasting Glucose >220 mg/dl": "Decline"
          }
      }
    },
    {
      "id": 5,
      "description": "Assess and apply debits for diabetes-specific complications",
      "text_from_manual": {
          "Microalbuminuria (mild)": "+30",
          "Macroalbuminuria": "+80",
          "Retinopathy (background)": "+0",
          "Retinopathy (proliferative)": "+60",
          "Neuropathy (mild)": "+0",
          "Neuropathy (moderate)": "+40",
          "Neuropathy (severe)": "Decline",
          "Amputation (due to diabetes)": "Decline",
          "Renal impairment": "IC or Decline",
          "Ulcer, lower extremity": "Decline"
      }
    },
    {
        "id": 6,
        "step_description": "Read the below Minimum Rating table. Check if the rating is above the minimum rating after credits, if the rating is below the minimum rating after credits, adjust to the minimum rating. Otherwise, keep the rating as is.",
        "text_from_manual": {
            "Type 1 Diabetes - Age 0-16": "Decline",
            "Type 1 Diabetes - Age 17-19": "+120",
            "Type 1 Diabetes - Age 20-29": "+80",
            "Type 1 Diabetes - Age 30-39": "+50",
            "Type 1 Diabetes - Age 40-49": "+30",
            "Type 1 Diabetes - Age 50-59": "Standard",
            "Type 1 Diabetes - Age 60-69": "Standard+",
            "Type 1 Diabetes - Age 70+": "Preferred",
            "Type 2 Diabetes - Age 0-16": "Decline",
            "Type 2 Diabetes - Age 17-19": "+70",
            "Type 2 Diabetes - Age 20-29": "+40",
            "Type 2 Diabetes - Age 30-39": "+20",
            "Type 2 Diabetes - Age 40-49": "Standard",
            "Type 2 Diabetes - Age 50-59": "Standard+",
            "Type 2 Diabetes - Age 60-69": "Preferred",
            "Type 2 Diabetes - Age 70+": "Preferred"
        
        }
    }
  ]
}