{
  "manual_section": "Atrial Fibrillation",
  "steps": [
    {
      "step_id": 0,
      "description": "Determine the severity of Atrial Fibrillation using the classification criteria based on frequency and duration of episodes, presence of symptoms, underlying cardiac or systemic disease, risk of stroke, and left ventricular function.",
      "segment_ids": [],
      "text_from_manual": [
        {
          "classification_criteria": [
            "Frequency and duration of episodes (paroxysmal, persistent, permanent)",
            "Presence of symptoms",
            "Underlying cardiac or systemic disease",
            "Risk of stroke (CHA\u2082DS\u2082-VASc score)",
            "Left ventricular function"
          ]
        }
      ]
    },
    {
      "step_id": 1,
      "description": "Evaluate the underwriting ratings for Atrial Flutter and Atrial Fibrillation based on the provided scenarios and conditions, including investigation status, age, frequency of episodes, anticoagulant use, and treatment history.",
      "segment_ids": [
        1
      ],
      "text_from_manual": [
        [
          {
            "table": {
              "title": "Atrial Flutter and Atrial Fibrillation Ratings",
              "columns": [
                "Scenario/Condition",
                "Subcategory",
                "LIFE",
                "WP",
                "ADB",
                "LTC"
              ],
              "rows": [
                {
                  "Scenario/Condition": "Newly discovered on insurance exam or EKG",
                  "Subcategory": "",
                  "LIFE": "Postpone for investigations",
                  "WP": "Postpone",
                  "ADB": "Postpone",
                  "LTC": "Postpone"
                },
                {
                  "Scenario/Condition": "Single/multiple episodes due to acute illness (e.g., hyperthyroidism), resolved",
                  "Subcategory": "",
                  "LIFE": "Rate for cause",
                  "WP": "Rate for cause",
                  "ADB": "Rate for cause",
                  "LTC": "Rate for cause"
                },
                {
                  "Scenario/Condition": "Single/multiple episodes due to acute illness, not resolved",
                  "Subcategory": "",
                  "LIFE": "Rate for cause + Chronic AF rating",
                  "WP": "Rate for cause + Chronic AF rating",
                  "ADB": "Rate for cause + Chronic AF rating",
                  "LTC": "Rate for cause + Chronic AF rating"
                },
                {
                  "Scenario/Condition": "Paroxysmal AF, fully investigated, <4 short attacks/year, no underlying disease",
                  "Subcategory": "",
                  "LIFE": "+10",
                  "WP": "+0",
                  "ADB": "+0",
                  "LTC": "+0"
                },
                {
                  "Scenario/Condition": "Paroxysmal AF, fully investigated, >4 short attacks/year, no underlying disease",
                  "Subcategory": "",
                  "LIFE": "+65",
                  "WP": "1.6x",
                  "ADB": "1.6x",
                  "LTC": "LIFE Ratings"
                },
                {
                  "Scenario/Condition": "Paroxysmal AF, uninvestigated, <4 attacks/year, age <60",
                  "Subcategory": "",
                  "LIFE": "IC",
                  "WP": "IC",
                  "ADB": "IC",
                  "LTC": "IC"
                },
                {
                  "Scenario/Condition": "Paroxysmal AF, uninvestigated, <4 attacks/year, age \u226560",
                  "Subcategory": "",
                  "LIFE": "+70",
                  "WP": "1.6x",
                  "ADB": "1.6x",
                  "LTC": "LIFE Ratings"
                },
                {
                  "Scenario/Condition": "Paroxysmal AF, uninvestigated, >4 attacks/year",
                  "Subcategory": "",
                  "LIFE": "Postpone for investigations",
                  "WP": "Postpone",
                  "ADB": "Postpone",
                  "LTC": "Postpone"
                },
                {
                  "Scenario/Condition": "Anticoagulant use <6 months",
                  "Subcategory": "",
                  "LIFE": "+0",
                  "WP": "+0",
                  "ADB": "+0",
                  "LTC": "LIFE Rating"
                },
                {
                  "Scenario/Condition": "Anticoagulant use >6 months",
                  "Subcategory": "",
                  "LIFE": "Credit -28",
                  "WP": "+0",
                  "ADB": "+0",
                  "LTC": "LIFE Rating"
                },
                {
                  "Scenario/Condition": "Chronic AF, fully investigated, age <60",
                  "Subcategory": "",
                  "LIFE": "+120 (min +90*)",
                  "WP": "2.1x",
                  "ADB": "2.1x",
                  "LTC": "LIFE Rating"
                },
                {
                  "Scenario/Condition": "Chronic AF, fully investigated, age 60-85",
                  "Subcategory": "",
                  "LIFE": "+85 (min +65*)",
                  "WP": "2.1x",
                  "ADB": "2.1x",
                  "LTC": "LIFE Rating"
                },
                {
                  "Scenario/Condition": "Chronic AF, fully investigated, age >85",
                  "Subcategory": "",
                  "LIFE": "+65 (min +35*)",
                  "WP": "Decline",
                  "ADB": "Decline",
                  "LTC": "LIFE Rating"
                },
                {
                  "Scenario/Condition": "Chronic AF, uninvestigated, age <60",
                  "Subcategory": "",
                  "LIFE": "Postpone",
                  "WP": "Postpone",
                  "ADB": "Postpone",
                  "LTC": "Postpone"
                },
                {
                  "Scenario/Condition": "Chronic AF, uninvestigated, age >60, AF <2 years",
                  "Subcategory": "",
                  "LIFE": "Postpone",
                  "WP": "Postpone",
                  "ADB": "Postpone",
                  "LTC": "Postpone"
                },
                {
                  "Scenario/Condition": "Chronic AF, uninvestigated, age >60, AF >2 years",
                  "Subcategory": "",
                  "LIFE": "+120",
                  "WP": "Decline",
                  "ADB": "Decline",
                  "LTC": "Decline"
                },
                {
                  "Scenario/Condition": "Treated with ablation, 0-6 months",
                  "Subcategory": "",
                  "LIFE": "Rate as without ablation",
                  "WP": "Rate as without ablation",
                  "ADB": "Rate as without ablation",
                  "LTC": "Rate as without ablation"
                },
                {
                  "Scenario/Condition": "Treated with ablation, >6 months",
                  "Subcategory": "",
                  "LIFE": "+0",
                  "WP": "+0",
                  "ADB": "+0",
                  "LTC": "LIFE Rating"
                }
              ],
              "notes": [
                "*Consider reducing rating if AF is present and controlled >3 years."
              ]
            }
          }
        ]
      ]
    }
  ]
}