{
  "manual_section": "Bariatric Surgery",
  "steps": [
    {
      "step_id": 0,
      "description": "Determine the severity of complications post-bariatric surgery using the classification criteria provided.",
      "segment_ids": [],
      "text_from_manual": [
        [
          {
            "table": {
              "title": "Classification of Severity",
              "columns": [
                "Severity Level",
                "Criteria"
              ],
              "rows": [
                {
                  "Severity Level": "Uncomplicated",
                  "Criteria": "No significant complications, stable weight, normal labs"
                },
                {
                  "Severity Level": "Mild Complications",
                  "Criteria": "Minor nutritional deficiencies, managed with supplements"
                },
                {
                  "Severity Level": "Moderate Complications",
                  "Criteria": "Recurrent GI symptoms, mild lab abnormalities, managed medically"
                },
                {
                  "Severity Level": "Severe Complications",
                  "Criteria": "Major surgical or metabolic complications, abnormal liver function"
                }
              ]
            }
          }
        ]
      ]
    },
    {
      "step_id": 1,
      "description": "Determine underwriting ratings for bariatric surgery based on procedure type, time since surgery, and presence/severity of complications.",
      "segment_ids": [
        1
      ],
      "text_from_manual": [
        [
          {
            "table": {
              "title": "Bariatric Surgery Rating Table (Human Readable, Synthetic Values)",
              "columns": [
                "Procedure Type",
                "Time Since Surgery",
                "Complications",
                "Life",
                "WP",
                "ADB",
                "LTC"
              ],
              "rows": [
                {
                  "Procedure Type": "Malabsorptive (e.g., bypass)",
                  "Time Since Surgery": "<1 year",
                  "Complications": "Any",
                  "Life": "Postpone",
                  "WP": "Postpone",
                  "ADB": "Postpone",
                  "LTC": "Postpone"
                },
                {
                  "Procedure Type": "Malabsorptive",
                  "Time Since Surgery": "1-3 years",
                  "Complications": "None",
                  "Life": "+80",
                  "WP": "Decline",
                  "ADB": "Decline",
                  "LTC": "Decline"
                },
                {
                  "Procedure Type": "Malabsorptive",
                  "Time Since Surgery": "1-3 years",
                  "Complications": "Minor",
                  "Life": "+120",
                  "WP": "Decline",
                  "ADB": "Decline",
                  "LTC": "Decline"
                },
                {
                  "Procedure Type": "Malabsorptive",
                  "Time Since Surgery": ">3 years",
                  "Complications": "None",
                  "Life": "+40",
                  "WP": "+80",
                  "ADB": "+80",
                  "LTC": "+100"
                },
                {
                  "Procedure Type": "Malabsorptive",
                  "Time Since Surgery": ">3 years",
                  "Complications": "Minor",
                  "Life": "+80",
                  "WP": "+120",
                  "ADB": "+120",
                  "LTC": "+150"
                },
                {
                  "Procedure Type": "Malabsorptive",
                  "Time Since Surgery": "Any",
                  "Complications": "Major",
                  "Life": "Decline",
                  "WP": "Decline",
                  "ADB": "Decline",
                  "LTC": "Decline"
                },
                {
                  "Procedure Type": "Restrictive (e.g., banding)",
                  "Time Since Surgery": "<6 months",
                  "Complications": "Any",
                  "Life": "Postpone",
                  "WP": "Postpone",
                  "ADB": "Postpone",
                  "LTC": "Postpone"
                },
                {
                  "Procedure Type": "Restrictive",
                  "Time Since Surgery": "6-12 months",
                  "Complications": "None",
                  "Life": "+60",
                  "WP": "Decline",
                  "ADB": "Decline",
                  "LTC": "Decline"
                },
                {
                  "Procedure Type": "Restrictive",
                  "Time Since Surgery": "6-12 months",
                  "Complications": "Minor",
                  "Life": "+90",
                  "WP": "Decline",
                  "ADB": "Decline",
                  "LTC": "Decline"
                },
                {
                  "Procedure Type": "Restrictive",
                  "Time Since Surgery": "1-3 years",
                  "Complications": "None",
                  "Life": "+30",
                  "WP": "+60",
                  "ADB": "+60",
                  "LTC": "+80"
                },
                {
                  "Procedure Type": "Restrictive",
                  "Time Since Surgery": "1-3 years",
                  "Complications": "Minor",
                  "Life": "+60",
                  "WP": "+90",
                  "ADB": "+90",
                  "LTC": "+120"
                },
                {
                  "Procedure Type": "Restrictive",
                  "Time Since Surgery": ">3 years",
                  "Complications": "None",
                  "Life": "Standard",
                  "WP": "+30",
                  "ADB": "+30",
                  "LTC": "+40"
                },
                {
                  "Procedure Type": "Restrictive",
                  "Time Since Surgery": ">3 years",
                  "Complications": "Minor",
                  "Life": "+30",
                  "WP": "+60",
                  "ADB": "+60",
                  "LTC": "+80"
                },
                {
                  "Procedure Type": "Restrictive",
                  "Time Since Surgery": "Any",
                  "Complications": "Major",
                  "Life": "Decline",
                  "WP": "Decline",
                  "ADB": "Decline",
                  "LTC": "Decline"
                },
                {
                  "Procedure Type": "Combined (e.g., Roux-en-Y)",
                  "Time Since Surgery": "<6 months",
                  "Complications": "Any",
                  "Life": "Postpone",
                  "WP": "Postpone",
                  "ADB": "Postpone",
                  "LTC": "Postpone"
                },
                {
                  "Procedure Type": "Combined",
                  "Time Since Surgery": "6-12 months",
                  "Complications": "None",
                  "Life": "+70",
                  "WP": "Decline",
                  "ADB": "Decline",
                  "LTC": "Decline"
                },
                {
                  "Procedure Type": "Combined",
                  "Time Since Surgery": "6-12 months",
                  "Complications": "Minor",
                  "Life": "+100",
                  "WP": "Decline",
                  "ADB": "Decline",
                  "LTC": "Decline"
                },
                {
                  "Procedure Type": "Combined",
                  "Time Since Surgery": "1-3 years",
                  "Complications": "None",
                  "Life": "+35",
                  "WP": "+70",
                  "ADB": "+70",
                  "LTC": "+90"
                },
                {
                  "Procedure Type": "Combined",
                  "Time Since Surgery": "1-3 years",
                  "Complications": "Minor",
                  "Life": "+70",
                  "WP": "+100",
                  "ADB": "+100",
                  "LTC": "+130"
                },
                {
                  "Procedure Type": "Combined",
                  "Time Since Surgery": ">3 years",
                  "Complications": "None",
                  "Life": "Standard",
                  "WP": "+35",
                  "ADB": "+35",
                  "LTC": "+50"
                },
                {
                  "Procedure Type": "Combined",
                  "Time Since Surgery": ">3 years",
                  "Complications": "Minor",
                  "Life": "+35",
                  "WP": "+70",
                  "ADB": "+70",
                  "LTC": "+90"
                },
                {
                  "Procedure Type": "Combined",
                  "Time Since Surgery": "Any",
                  "Complications": "Major",
                  "Life": "Decline",
                  "WP": "Decline",
                  "ADB": "Decline",
                  "LTC": "Decline"
                }
              ],
              "notes": [
                "**Minor complications:** Mild anemia, mild nutritional deficiency, resolved wound infection",
                "**Major complications:** Reoperation, persistent severe deficiency, chronic GI symptoms",
                "**Standard:** Standard risk class per build table",
                "**Postpone:** Application deferred until minimum time since surgery has passed",
                "**Decline:** Not insurable under current guidelines"
              ]
            }
          }
        ]
      ]
    }
  ]
}