{
  "manual_section": "Bipolar Disorder",
  "steps": [
    {
      "step_id": 0,
      "description": "Determine the severity of bipolar disorder using the DSM-5 classification criteria based on frequency, functional impairment, and presence of psychosis or suicide risk.",
      "segment_ids": [],
      "text_from_manual": [
        [
          {
            "table": {
              "title": "Classification of Severity",
              "columns": [
                "Severity Level",
                "Criteria (DSM-5)"
              ],
              "rows": [
                {
                  "Severity Level": "Mild",
                  "Criteria (DSM-5)": "Bipolar II or cyclothymic disorder, infrequent episodes, minimal functional impairment"
                },
                {
                  "Severity Level": "Moderate",
                  "Criteria (DSM-5)": "Bipolar I, moderate frequency/severity, some functional impairment"
                },
                {
                  "Severity Level": "Severe",
                  "Criteria (DSM-5)": "Bipolar I, frequent/severe episodes, marked impairment, psychosis, or suicide risk"
                }
              ]
            }
          }
        ]
      ]
    },
    {
      "step_id": 1,
      "description": "Determine the underwriting rating for mild bipolar disorder based on age group and time since last exacerbation.",
      "segment_ids": [
        1
      ],
      "text_from_manual": [
        [
          {
            "table": {
              "title": "Mild (usually Bipolar II, includes Cyclothymic Disorder, stable, compliant with therapy)",
              "columns": [
                "Age Group",
                "0\u20131 years",
                "1\u20132 years",
                "2\u20135 years",
                ">5 years"
              ],
              "rows": [
                {
                  "Age Group": "<21",
                  "0\u20131 years": "Postpone",
                  "1\u20132 years": "Postpone",
                  "2\u20135 years": "+150",
                  ">5 years": "+75"
                },
                {
                  "Age Group": "21\u201339",
                  "0\u20131 years": "Postpone",
                  "1\u20132 years": "+75",
                  "2\u20135 years": "+50",
                  ">5 years": "Std"
                },
                {
                  "Age Group": "40\u201369",
                  "0\u20131 years": "Postpone",
                  "1\u20132 years": "+50",
                  "2\u20135 years": "Std",
                  ">5 years": "Std"
                },
                {
                  "Age Group": "70+",
                  "0\u20131 years": "Postpone",
                  "1\u20132 years": "Std",
                  "2\u20135 years": "Std",
                  ">5 years": "Std"
                }
              ],
              "notes": [
                "Recurrent mild exacerbations: No additional debit (rate from last exacerbation)"
              ]
            }
          }
        ]
      ]
    },
    {
      "step_id": 2,
      "description": "Determine the underwriting rating for moderate bipolar disorder based on age group and time since last exacerbation.",
      "segment_ids": [
        2
      ],
      "text_from_manual": [
        [
          {
            "table": {
              "title": "Moderate (usually Bipolar I, stable, compliant with therapy)",
              "columns": [
                "Age Group",
                "0\u20131 years",
                "1\u20132 years",
                "2\u20135 years",
                ">5 years"
              ],
              "rows": [
                {
                  "Age Group": "<21",
                  "0\u20131 years": "Postpone",
                  "1\u20132 years": "Postpone",
                  "2\u20135 years": "Postpone",
                  ">5 years": "+120"
                },
                {
                  "Age Group": "21\u201339",
                  "0\u20131 years": "Postpone",
                  "1\u20132 years": "+120",
                  "2\u20135 years": "+75",
                  ">5 years": "+50"
                },
                {
                  "Age Group": "40\u201369",
                  "0\u20131 years": "Postpone",
                  "1\u20132 years": "+75",
                  "2\u20135 years": "+50",
                  ">5 years": "Std"
                },
                {
                  "Age Group": "70+",
                  "0\u20131 years": "Postpone",
                  "1\u20132 years": "+50",
                  "2\u20135 years": "Std",
                  ">5 years": "Std"
                }
              ],
              "notes": [
                "Recurrent mild exacerbations: No additional debit",
                "Recurrent moderate exacerbations: Postpone 1 year from last exacerbation, consider adding +25"
              ]
            }
          }
        ]
      ]
    },
    {
      "step_id": 3,
      "description": "Determine the underwriting rating for severe bipolar disorder based on age group and time since last exacerbation.",
      "segment_ids": [
        3
      ],
      "text_from_manual": [
        [
          {
            "table": {
              "title": "Severe (usually Bipolar I, stable, compliant with therapy)",
              "columns": [
                "Age Group",
                "0\u20131 years",
                "1\u20132 years",
                "2\u20135 years",
                ">5 years"
              ],
              "rows": [
                {
                  "Age Group": "<21",
                  "0\u20131 years": "Postpone",
                  "1\u20132 years": "Postpone",
                  "2\u20135 years": "Postpone",
                  ">5 years": "+200"
                },
                {
                  "Age Group": "21\u201339",
                  "0\u20131 years": "Postpone",
                  "1\u20132 years": "Postpone",
                  "2\u20135 years": "+120",
                  ">5 years": "+75"
                },
                {
                  "Age Group": "40\u201369",
                  "0\u20131 years": "Postpone",
                  "1\u20132 years": "Postpone",
                  "2\u20135 years": "+75",
                  ">5 years": "+50"
                },
                {
                  "Age Group": "70+",
                  "0\u20131 years": "Postpone",
                  "1\u20132 years": "Postpone",
                  "2\u20135 years": "+50",
                  ">5 years": "Std"
                }
              ],
              "notes": [
                "Recurrent mild exacerbations: No additional debit",
                "Recurrent moderate exacerbations: Postpone 2 years from last exacerbation, consider adding +50",
                "Recurrent severe exacerbations: Decline"
              ]
            }
          }
        ]
      ]
    },
    {
      "step_id": 4,
      "description": "Determine WP and ADB ratings based on the LIFE rating.",
      "segment_ids": [
        4
      ],
      "text_from_manual": [
        [
          {
            "table": {
              "title": "WP and ADB",
              "columns": [
                "LIFE",
                "WP",
                "ADB"
              ],
              "rows": [
                {
                  "LIFE": "Std",
                  "WP": "Std",
                  "ADB": "Std"
                },
                {
                  "LIFE": "+25 to +50",
                  "WP": "Decline",
                  "ADB": "1.5x"
                },
                {
                  "LIFE": ">+50",
                  "WP": "Decline",
                  "ADB": "Decline"
                }
              ],
              "notes": []
            }
          }
        ]
      ]
    },
    {
      "step_id": 5,
      "description": "Determine LTC ratings based on LIFE ratings and stability criteria.",
      "segment_ids": [
        5
      ],
      "text_from_manual": [
        [
          {
            "table": {
              "title": "LTC",
              "columns": [
                "LIFE Rating (Mild, Std to +50, stable \u226512 months)",
                "LIFE Rating (min +25)"
              ],
              "rows": [
                {
                  "LIFE Rating (Mild, Std to +50, stable \u226512 months)": "Moderate, Std to +50, stable \u22652 years",
                  "LIFE Rating (min +25)": "LIFE Rating"
                },
                {
                  "LIFE Rating (Mild, Std to +50, stable \u226512 months)": "Not stable for minimum periods above",
                  "LIFE Rating (min +25)": "Decline"
                },
                {
                  "LIFE Rating (Mild, Std to +50, stable \u226512 months)": ">+50",
                  "LIFE Rating (min +25)": "Decline"
                },
                {
                  "LIFE Rating (Mild, Std to +50, stable \u226512 months)": "Any of the following: New onset/severe, hospitalization, disabling, >3 meds, non-compliance, psychosis, suicide attempt",
                  "LIFE Rating (min +25)": "Decline"
                }
              ],
              "notes": [
                "Any of the following: New onset/severe, hospitalization, disabling, >3 meds, non-compliance, psychosis, suicide attempt = Decline"
              ]
            }
          }
        ]
      ]
    }
  ]
}