{
  "manual_section": "Blood Pressure",
  "steps": [
    {
      "step_id": 0,
      "description": "Determine the severity of blood pressure using the classification criteria based on systolic and diastolic readings.",
      "segment_ids": [],
      "text_from_manual": [
        {
          "table": {
            "title": "Classification of Severity",
            "columns": [
              "Category",
              "Systolic (mmHg)",
              "Diastolic (mmHg)"
            ],
            "rows": [
              {
                "Category": "Normal",
                "Systolic (mmHg)": "<120",
                "Diastolic (mmHg)": "<80"
              },
              {
                "Category": "Elevated",
                "Systolic (mmHg)": "120\u2013129",
                "Diastolic (mmHg)": "<80"
              },
              {
                "Category": "Hypertension Stage 1",
                "Systolic (mmHg)": "130\u2013139",
                "Diastolic (mmHg)": "80\u201389"
              },
              {
                "Category": "Hypertension Stage 2",
                "Systolic (mmHg)": "140\u2013159",
                "Diastolic (mmHg)": "90\u201399"
              },
              {
                "Category": "Hypertension Stage 3",
                "Systolic (mmHg)": "\u2265160",
                "Diastolic (mmHg)": "\u2265100"
              }
            ]
          }
        }
      ]
    },
    {
      "step_id": 1,
      "description": "Determine the underwriting rating for females based on diastolic and systolic blood pressure levels and age group.",
      "segment_ids": [
        1
      ],
      "text_from_manual": [
        [
          {
            "table": {
              "title": "FEMALE TABLE (Machine Readable)",
              "columns": [
                "Diastolic",
                "Age Group",
                "Systolic 136-140",
                "Systolic 141-145",
                "Systolic 146-150",
                "Systolic 151-155",
                "Systolic 156-160",
                "Systolic 161-165",
                "Systolic 166-170",
                "Systolic 171-175",
                "Systolic 176-180",
                "Systolic 181-185",
                "Systolic 186-190",
                "Systolic 191-195",
                "Systolic 196-200"
              ],
              "rows": [
                {
                  "Diastolic": "60-95",
                  "Age Group": "17-39",
                  "Systolic 136-140": "0",
                  "Systolic 141-145": "0",
                  "Systolic 146-150": "25",
                  "Systolic 151-155": "30",
                  "Systolic 156-160": "40",
                  "Systolic 161-165": "55",
                  "Systolic 166-170": "70",
                  "Systolic 171-175": "90",
                  "Systolic 176-180": "110",
                  "Systolic 181-185": "130",
                  "Systolic 186-190": "160",
                  "Systolic 191-195": "190",
                  "Systolic 196-200": "220"
                },
                {
                  "Diastolic": "60-95",
                  "Age Group": "40-49",
                  "Systolic 136-140": "0",
                  "Systolic 141-145": "0",
                  "Systolic 146-150": "0",
                  "Systolic 151-155": "0",
                  "Systolic 156-160": "25",
                  "Systolic 161-165": "35",
                  "Systolic 166-170": "50",
                  "Systolic 171-175": "65",
                  "Systolic 176-180": "80",
                  "Systolic 181-185": "100",
                  "Systolic 186-190": "120",
                  "Systolic 191-195": "150",
                  "Systolic 196-200": "180"
                },
                {
                  "Diastolic": "60-95",
                  "Age Group": "50-59",
                  "Systolic 136-140": "0",
                  "Systolic 141-145": "0",
                  "Systolic 146-150": "0",
                  "Systolic 151-155": "0",
                  "Systolic 156-160": "0",
                  "Systolic 161-165": "0",
                  "Systolic 166-170": "0",
                  "Systolic 171-175": "25",
                  "Systolic 176-180": "35",
                  "Systolic 181-185": "45",
                  "Systolic 186-190": "60",
                  "Systolic 191-195": "80",
                  "Systolic 196-200": "100"
                },
                {
                  "Diastolic": "60-95",
                  "Age Group": "60-69",
                  "Systolic 136-140": "0",
                  "Systolic 141-145": "0",
                  "Systolic 146-150": "0",
                  "Systolic 151-155": "0",
                  "Systolic 156-160": "0",
                  "Systolic 161-165": "0",
                  "Systolic 166-170": "0",
                  "Systolic 171-175": "0",
                  "Systolic 176-180": "25",
                  "Systolic 181-185": "35",
                  "Systolic 186-190": "50",
                  "Systolic 191-195": "70",
                  "Systolic 196-200": "90"
                },
                {
                  "Diastolic": "60-95",
                  "Age Group": "70+",
                  "Systolic 136-140": "0",
                  "Systolic 141-145": "0",
                  "Systolic 146-150": "0",
                  "Systolic 151-155": "0",
                  "Systolic 156-160": "0",
                  "Systolic 161-165": "0",
                  "Systolic 166-170": "0",
                  "Systolic 171-175": "0",
                  "Systolic 176-180": "0",
                  "Systolic 181-185": "25",
                  "Systolic 186-190": "35",
                  "Systolic 191-195": "55",
                  "Systolic 196-200": "70"
                },
                {
                  "Diastolic": "96-100",
                  "Age Group": "17-39",
                  "Systolic 136-140": "30",
                  "Systolic 141-145": "35",
                  "Systolic 146-150": "40",
                  "Systolic 151-155": "55",
                  "Systolic 156-160": "70",
                  "Systolic 161-165": "85",
                  "Systolic 166-170": "100",
                  "Systolic 171-175": "120",
                  "Systolic 176-180": "140",
                  "Systolic 181-185": "160",
                  "Systolic 186-190": "190",
                  "Systolic 191-195": "220",
                  "Systolic 196-200": "250"
                },
                {
                  "Diastolic": "96-100",
                  "Age Group": "40-49",
                  "Systolic 136-140": "0",
                  "Systolic 141-145": "0",
                  "Systolic 146-150": "25",
                  "Systolic 151-155": "30",
                  "Systolic 156-160": "40",
                  "Systolic 161-165": "55",
                  "Systolic 166-170": "70",
                  "Systolic 171-175": "85",
                  "Systolic 176-180": "100",
                  "Systolic 181-185": "120",
                  "Systolic 186-190": "140",
                  "Systolic 191-195": "170",
                  "Systolic 196-200": "200"
                },
                {
                  "Diastolic": "96-100",
                  "Age Group": "50-59",
                  "Systolic 136-140": "0",
                  "Systolic 141-145": "0",
                  "Systolic 146-150": "0",
                  "Systolic 151-155": "0",
                  "Systolic 156-160": "0",
                  "Systolic 161-165": "25",
                  "Systolic 166-170": "35",
                  "Systolic 171-175": "50",
                  "Systolic 176-180": "65",
                  "Systolic 181-185": "80",
                  "Systolic 186-190": "100",
                  "Systolic 191-195": "120",
                  "Systolic 196-200": "150"
                },
                {
                  "Diastolic": "96-100",
                  "Age Group": "60-69",
                  "Systolic 136-140": "0",
                  "Systolic 141-145": "0",
                  "Systolic 146-150": "0",
                  "Systolic 151-155": "0",
                  "Systolic 156-160": "0",
                  "Systolic 161-165": "0",
                  "Systolic 166-170": "25",
                  "Systolic 171-175": "35",
                  "Systolic 176-180": "50",
                  "Systolic 181-185": "65",
                  "Systolic 186-190": "80",
                  "Systolic 191-195": "100",
                  "Systolic 196-200": "120"
                },
                {
                  "Diastolic": "96-100",
                  "Age Group": "70+",
                  "Systolic 136-140": "0",
                  "Systolic 141-145": "0",
                  "Systolic 146-150": "0",
                  "Systolic 151-155": "0",
                  "Systolic 156-160": "0",
                  "Systolic 161-165": "0",
                  "Systolic 166-170": "0",
                  "Systolic 171-175": "0",
                  "Systolic 176-180": "25",
                  "Systolic 181-185": "35",
                  "Systolic 186-190": "50",
                  "Systolic 191-195": "70",
                  "Systolic 196-200": "90"
                },
                {
                  "Diastolic": "101-105",
                  "Age Group": "17-39",
                  "Systolic 136-140": "60",
                  "Systolic 141-145": "70",
                  "Systolic 146-150": "80",
                  "Systolic 151-155": "95",
                  "Systolic 156-160": "110",
                  "Systolic 161-165": "130",
                  "Systolic 166-170": "150",
                  "Systolic 171-175": "170",
                  "Systolic 176-180": "190",
                  "Systolic 181-185": "210",
                  "Systolic 186-190": "240",
                  "Systolic 191-195": "270",
                  "Systolic 196-200": "300"
                },
                {
                  "Diastolic": "101-105",
                  "Age Group": "40-49",
                  "Systolic 136-140": "40",
                  "Systolic 141-145": "50",
                  "Systolic 146-150": "60",
                  "Systolic 151-155": "70",
                  "Systolic 156-160": "85",
                  "Systolic 161-165": "100",
                  "Systolic 166-170": "120",
                  "Systolic 171-175": "140",
                  "Systolic 176-180": "160",
                  "Systolic 181-185": "180",
                  "Systolic 186-190": "210",
                  "Systolic 191-195": "240",
                  "Systolic 196-200": "270"
                },
                {
                  "Diastolic": "101-105",
                  "Age Group": "50-59",
                  "Systolic 136-140": "0",
                  "Systolic 141-145": "0",
                  "Systolic 146-150": "25",
                  "Systolic 151-155": "30",
                  "Systolic 156-160": "40",
                  "Systolic 161-165": "55",
                  "Systolic 166-170": "70",
                  "Systolic 171-175": "85",
                  "Systolic 176-180": "100",
                  "Systolic 181-185": "120",
                  "Systolic 186-190": "140",
                  "Systolic 191-195": "170",
                  "Systolic 196-200": "200"
                },
                {
                  "Diastolic": "101-105",
                  "Age Group": "60-69",
                  "Systolic 136-140": "0",
                  "Systolic 141-145": "0",
                  "Systolic 146-150": "0",
                  "Systolic 151-155": "0",
                  "Systolic 156-160": "25",
                  "Systolic 161-165": "35",
                  "Systolic 166-170": "50",
                  "Systolic 171-175": "65",
                  "Systolic 176-180": "80",
                  "Systolic 181-185": "100",
                  "Systolic 186-190": "120",
                  "Systolic 191-195": "150",
                  "Systolic 196-200": "180"
                },
                {
                  "Diastolic": "101-105",
                  "Age Group": "70+",
                  "Systolic 136-140": "0",
                  "Systolic 141-145": "0",
                  "Systolic 146-150": "0",
                  "Systolic 151-155": "25",
                  "Systolic 156-160": "35",
                  "Systolic 161-165": "50",
                  "Systolic 166-170": "65",
                  "Systolic 171-175": "80",
                  "Systolic 176-180": "100",
                  "Systolic 181-185": "120",
                  "Systolic 186-190": "140",
                  "Systolic 191-195": "170",
                  "Systolic 196-200": "200"
                },
                {
                  "Diastolic": "106-110",
                  "Age Group": "17-39",
                  "Systolic 136-140": "100",
                  "Systolic 141-145": "120",
                  "Systolic 146-150": "130",
                  "Systolic 151-155": "150",
                  "Systolic 156-160": "170",
                  "Systolic 161-165": "190",
                  "Systolic 166-170": "210",
                  "Systolic 171-175": "240",
                  "Systolic 176-180": "260",
                  "Systolic 181-185": "290",
                  "Systolic 186-190": "320",
                  "Systolic 191-195": "350",
                  "Systolic 196-200": "380"
                },
                {
                  "Diastolic": "106-110",
                  "Age Group": "40-49",
                  "Systolic 136-140": "80",
                  "Systolic 141-145": "90",
                  "Systolic 146-150": "100",
                  "Systolic 151-155": "120",
                  "Systolic 156-160": "140",
                  "Systolic 161-165": "160",
                  "Systolic 166-170": "180",
                  "Systolic 171-175": "200",
                  "Systolic 176-180": "220",
                  "Systolic 181-185": "250",
                  "Systolic 186-190": "280",
                  "Systolic 191-195": "310",
                  "Systolic 196-200": "340"
                },
                {
                  "Diastolic": "106-110",
                  "Age Group": "50-59",
                  "Systolic 136-140": "40",
                  "Systolic 141-145": "50",
                  "Systolic 146-150": "60",
                  "Systolic 151-155": "70",
                  "Systolic 156-160": "85",
                  "Systolic 161-165": "100",
                  "Systolic 166-170": "120",
                  "Systolic 171-175": "140",
                  "Systolic 176-180": "160",
                  "Systolic 181-185": "180",
                  "Systolic 186-190": "210",
                  "Systolic 191-195": "240",
                  "Systolic 196-200": "270"
                },
                {
                  "Diastolic": "106-110",
                  "Age Group": "60-69",
                  "Systolic 136-140": "25",
                  "Systolic 141-145": "35",
                  "Systolic 146-150": "50",
                  "Systolic 151-155": "65",
                  "Systolic 156-160": "80",
                  "Systolic 161-165": "100",
                  "Systolic 166-170": "120",
                  "Systolic 171-175": "140",
                  "Systolic 176-180": "160",
                  "Systolic 181-185": "180",
                  "Systolic 186-190": "210",
                  "Systolic 191-195": "240",
                  "Systolic 196-200": "270"
                },
                {
                  "Diastolic": "106-110",
                  "Age Group": "70+",
                  "Systolic 136-140": "25",
                  "Systolic 141-145": "35",
                  "Systolic 146-150": "50",
                  "Systolic 151-155": "65",
                  "Systolic 156-160": "80",
                  "Systolic 161-165": "100",
                  "Systolic 166-170": "120",
                  "Systolic 171-175": "140",
                  "Systolic 176-180": "160",
                  "Systolic 181-185": "180",
                  "Systolic 186-190": "210",
                  "Systolic 191-195": "240",
                  "Systolic 196-200": "270"
                },
                {
                  "Diastolic": "111-115",
                  "Age Group": "Any",
                  "Systolic 136-140": "150",
                  "Systolic 141-145": "170",
                  "Systolic 146-150": "190",
                  "Systolic 151-155": "210",
                  "Systolic 156-160": "230",
                  "Systolic 161-165": "250",
                  "Systolic 166-170": "270",
                  "Systolic 171-175": "300",
                  "Systolic 176-180": "320",
                  "Systolic 181-185": "350",
                  "Systolic 186-190": "400",
                  "Systolic 191-195": "450",
                  "Systolic 196-200": "500"
                },
                {
                  "Diastolic": "116-120",
                  "Age Group": "Any",
                  "Systolic 136-140": "Decline",
                  "Systolic 141-145": "Decline",
                  "Systolic 146-150": "Decline",
                  "Systolic 151-155": "Decline",
                  "Systolic 156-160": "Decline",
                  "Systolic 161-165": "Decline",
                  "Systolic 166-170": "Decline",
                  "Systolic 171-175": "Decline",
                  "Systolic 176-180": "Decline",
                  "Systolic 181-185": "Decline",
                  "Systolic 186-190": "Decline",
                  "Systolic 191-195": "Decline",
                  "Systolic 196-200": "Decline"
                }
              ],
              "notes": []
            }
          }
        ]
      ]
    },
    {
      "step_id": 2,
      "description": "Determine the underwriting rating for males based on diastolic and systolic blood pressure levels and age group.",
      "segment_ids": [
        2
      ],
      "text_from_manual": [
        [
          {
            "table": {
              "title": "MALE TABLE (Machine Readable)",
              "columns": [
                "Diastolic",
                "Age Group",
                "Systolic 136-140",
                "Systolic 141-145",
                "Systolic 146-150",
                "Systolic 151-155",
                "Systolic 156-160",
                "Systolic 161-165",
                "Systolic 166-170",
                "Systolic 171-175",
                "Systolic 176-180",
                "Systolic 181-185",
                "Systolic 186-190",
                "Systolic 191-195",
                "Systolic 196-200"
              ],
              "rows": [
                {
                  "Diastolic": "60-95",
                  "Age Group": "17-39",
                  "Systolic 136-140": "0",
                  "Systolic 141-145": "0",
                  "Systolic 146-150": "20",
                  "Systolic 151-155": "25",
                  "Systolic 156-160": "35",
                  "Systolic 161-165": "50",
                  "Systolic 166-170": "65",
                  "Systolic 171-175": "85",
                  "Systolic 176-180": "100",
                  "Systolic 181-185": "120",
                  "Systolic 186-190": "150",
                  "Systolic 191-195": "180",
                  "Systolic 196-200": "210"
                },
                {
                  "Diastolic": "60-95",
                  "Age Group": "40-49",
                  "Systolic 136-140": "0",
                  "Systolic 141-145": "0",
                  "Systolic 146-150": "0",
                  "Systolic 151-155": "0",
                  "Systolic 156-160": "20",
                  "Systolic 161-165": "30",
                  "Systolic 166-170": "45",
                  "Systolic 171-175": "60",
                  "Systolic 176-180": "75",
                  "Systolic 181-185": "95",
                  "Systolic 186-190": "115",
                  "Systolic 191-195": "140",
                  "Systolic 196-200": "170"
                },
                {
                  "Diastolic": "60-95",
                  "Age Group": "50-59",
                  "Systolic 136-140": "0",
                  "Systolic 141-145": "0",
                  "Systolic 146-150": "0",
                  "Systolic 151-155": "0",
                  "Systolic 156-160": "0",
                  "Systolic 161-165": "20",
                  "Systolic 166-170": "30",
                  "Systolic 171-175": "45",
                  "Systolic 176-180": "60",
                  "Systolic 181-185": "80",
                  "Systolic 186-190": "100",
                  "Systolic 191-195": "130",
                  "Systolic 196-200": "160"
                },
                {
                  "Diastolic": "60-95",
                  "Age Group": "60-69",
                  "Systolic 136-140": "0",
                  "Systolic 141-145": "0",
                  "Systolic 146-150": "0",
                  "Systolic 151-155": "0",
                  "Systolic 156-160": "0",
                  "Systolic 161-165": "0",
                  "Systolic 166-170": "0",
                  "Systolic 171-175": "20",
                  "Systolic 176-180": "30",
                  "Systolic 181-185": "50",
                  "Systolic 186-190": "70",
                  "Systolic 191-195": "100",
                  "Systolic 196-200": "130"
                },
                {
                  "Diastolic": "60-95",
                  "Age Group": "70+",
                  "Systolic 136-140": "0",
                  "Systolic 141-145": "0",
                  "Systolic 146-150": "0",
                  "Systolic 151-155": "0",
                  "Systolic 156-160": "0",
                  "Systolic 161-165": "0",
                  "Systolic 166-170": "0",
                  "Systolic 171-175": "0",
                  "Systolic 176-180": "20",
                  "Systolic 181-185": "30",
                  "Systolic 186-190": "50",
                  "Systolic 191-195": "80",
                  "Systolic 196-200": "100"
                },
                {
                  "Diastolic": "96-100",
                  "Age Group": "17-39",
                  "Systolic 136-140": "25",
                  "Systolic 141-145": "30",
                  "Systolic 146-150": "35",
                  "Systolic 151-155": "50",
                  "Systolic 156-160": "65",
                  "Systolic 161-165": "80",
                  "Systolic 166-170": "95",
                  "Systolic 171-175": "110",
                  "Systolic 176-180": "130",
                  "Systolic 181-185": "150",
                  "Systolic 186-190": "180",
                  "Systolic 191-195": "210",
                  "Systolic 196-200": "240"
                },
                {
                  "Diastolic": "96-100",
                  "Age Group": "40-49",
                  "Systolic 136-140": "0",
                  "Systolic 141-145": "0",
                  "Systolic 146-150": "20",
                  "Systolic 151-155": "25",
                  "Systolic 156-160": "35",
                  "Systolic 161-165": "50",
                  "Systolic 166-170": "65",
                  "Systolic 171-175": "80",
                  "Systolic 176-180": "95",
                  "Systolic 181-185": "110",
                  "Systolic 186-190": "130",
                  "Systolic 191-195": "160",
                  "Systolic 196-200": "190"
                },
                {
                  "Diastolic": "96-100",
                  "Age Group": "50-59",
                  "Systolic 136-140": "0",
                  "Systolic 141-145": "0",
                  "Systolic 146-150": "0",
                  "Systolic 151-155": "0",
                  "Systolic 156-160": "20",
                  "Systolic 161-165": "30",
                  "Systolic 166-170": "45",
                  "Systolic 171-175": "60",
                  "Systolic 176-180": "75",
                  "Systolic 181-185": "95",
                  "Systolic 186-190": "115",
                  "Systolic 191-195": "140",
                  "Systolic 196-200": "170"
                },
                {
                  "Diastolic": "96-100",
                  "Age Group": "60-69",
                  "Systolic 136-140": "0",
                  "Systolic 141-145": "0",
                  "Systolic 146-150": "0",
                  "Systolic 151-155": "0",
                  "Systolic 156-160": "0",
                  "Systolic 161-165": "20",
                  "Systolic 166-170": "30",
                  "Systolic 171-175": "45",
                  "Systolic 176-180": "60",
                  "Systolic 181-185": "80",
                  "Systolic 186-190": "100",
                  "Systolic 191-195": "130",
                  "Systolic 196-200": "160"
                },
                {
                  "Diastolic": "96-100",
                  "Age Group": "70+",
                  "Systolic 136-140": "0",
                  "Systolic 141-145": "0",
                  "Systolic 146-150": "0",
                  "Systolic 151-155": "0",
                  "Systolic 156-160": "0",
                  "Systolic 161-165": "0",
                  "Systolic 166-170": "0",
                  "Systolic 171-175": "0",
                  "Systolic 176-180": "20",
                  "Systolic 181-185": "30",
                  "Systolic 186-190": "50",
                  "Systolic 191-195": "80",
                  "Systolic 196-200": "100"
                },
                {
                  "Diastolic": "101-105",
                  "Age Group": "17-39",
                  "Systolic 136-140": "50",
                  "Systolic 141-145": "60",
                  "Systolic 146-150": "70",
                  "Systolic 151-155": "85",
                  "Systolic 156-160": "100",
                  "Systolic 161-165": "120",
                  "Systolic 166-170": "140",
                  "Systolic 171-175": "160",
                  "Systolic 176-180": "180",
                  "Systolic 181-185": "200",
                  "Systolic 186-190": "230",
                  "Systolic 191-195": "260",
                  "Systolic 196-200": "290"
                },
                {
                  "Diastolic": "101-105",
                  "Age Group": "40-49",
                  "Systolic 136-140": "30",
                  "Systolic 141-145": "40",
                  "Systolic 146-150": "50",
                  "Systolic 151-155": "60",
                  "Systolic 156-160": "75",
                  "Systolic 161-165": "90",
                  "Systolic 166-170": "110",
                  "Systolic 171-175": "130",
                  "Systolic 176-180": "150",
                  "Systolic 181-185": "170",
                  "Systolic 186-190": "200",
                  "Systolic 191-195": "230",
                  "Systolic 196-200": "260"
                },
                {
                  "Diastolic": "101-105",
                  "Age Group": "50-59",
                  "Systolic 136-140": "20",
                  "Systolic 141-145": "25",
                  "Systolic 146-150": "30",
                  "Systolic 151-155": "40",
                  "Systolic 156-160": "55",
                  "Systolic 161-165": "70",
                  "Systolic 166-170": "85",
                  "Systolic 171-175": "100",
                  "Systolic 176-180": "120",
                  "Systolic 181-185": "140",
                  "Systolic 186-190": "160",
                  "Systolic 191-195": "190",
                  "Systolic 196-200": "220"
                },
                {
                  "Diastolic": "101-105",
                  "Age Group": "60-69",
                  "Systolic 136-140": "0",
                  "Systolic 141-145": "0",
                  "Systolic 146-150": "20",
                  "Systolic 151-155": "30",
                  "Systolic 156-160": "45",
                  "Systolic 161-165": "60",
                  "Systolic 166-170": "75",
                  "Systolic 171-175": "95",
                  "Systolic 176-180": "115",
                  "Systolic 181-185": "140",
                  "Systolic 186-190": "160",
                  "Systolic 191-195": "190",
                  "Systolic 196-200": "220"
                },
                {
                  "Diastolic": "101-105",
                  "Age Group": "70+",
                  "Systolic 136-140": "0",
                  "Systolic 141-145": "0",
                  "Systolic 146-150": "0",
                  "Systolic 151-155": "20",
                  "Systolic 156-160": "30",
                  "Systolic 161-165": "45",
                  "Systolic 166-170": "60",
                  "Systolic 171-175": "80",
                  "Systolic 176-180": "100",
                  "Systolic 181-185": "120",
                  "Systolic 186-190": "140",
                  "Systolic 191-195": "170",
                  "Systolic 196-200": "200"
                },
                {
                  "Diastolic": "106-110",
                  "Age Group": "17-39",
                  "Systolic 136-140": "90",
                  "Systolic 141-145": "100",
                  "Systolic 146-150": "110",
                  "Systolic 151-155": "130",
                  "Systolic 156-160": "150",
                  "Systolic 161-165": "170",
                  "Systolic 166-170": "190",
                  "Systolic 171-175": "210",
                  "Systolic 176-180": "230",
                  "Systolic 181-185": "260",
                  "Systolic 186-190": "290",
                  "Systolic 191-195": "320",
                  "Systolic 196-200": "350"
                },
                {
                  "Diastolic": "106-110",
                  "Age Group": "40-49",
                  "Systolic 136-140": "70",
                  "Systolic 141-145": "80",
                  "Systolic 146-150": "90",
                  "Systolic 151-155": "110",
                  "Systolic 156-160": "130",
                  "Systolic 161-165": "150",
                  "Systolic 166-170": "170",
                  "Systolic 171-175": "190",
                  "Systolic 176-180": "210",
                  "Systolic 181-185": "240",
                  "Systolic 186-190": "270",
                  "Systolic 191-195": "300",
                  "Systolic 196-200": "330"
                },
                {
                  "Diastolic": "106-110",
                  "Age Group": "50-59",
                  "Systolic 136-140": "40",
                  "Systolic 141-145": "50",
                  "Systolic 146-150": "60",
                  "Systolic 151-155": "70",
                  "Systolic 156-160": "85",
                  "Systolic 161-165": "100",
                  "Systolic 166-170": "120",
                  "Systolic 171-175": "140",
                  "Systolic 176-180": "160",
                  "Systolic 181-185": "180",
                  "Systolic 186-190": "210",
                  "Systolic 191-195": "240",
                  "Systolic 196-200": "270"
                },
                {
                  "Diastolic": "106-110",
                  "Age Group": "60-69",
                  "Systolic 136-140": "25",
                  "Systolic 141-145": "35",
                  "Systolic 146-150": "50",
                  "Systolic 151-155": "65",
                  "Systolic 156-160": "80",
                  "Systolic 161-165": "100",
                  "Systolic 166-170": "120",
                  "Systolic 171-175": "140",
                  "Systolic 176-180": "160",
                  "Systolic 181-185": "180",
                  "Systolic 186-190": "210",
                  "Systolic 191-195": "240",
                  "Systolic 196-200": "270"
                },
                {
                  "Diastolic": "106-110",
                  "Age Group": "70+",
                  "Systolic 136-140": "25",
                  "Systolic 141-145": "35",
                  "Systolic 146-150": "50",
                  "Systolic 151-155": "65",
                  "Systolic 156-160": "80",
                  "Systolic 161-165": "100",
                  "Systolic 166-170": "120",
                  "Systolic 171-175": "140",
                  "Systolic 176-180": "160",
                  "Systolic 181-185": "180",
                  "Systolic 186-190": "210",
                  "Systolic 191-195": "240",
                  "Systolic 196-200": "270"
                },
                {
                  "Diastolic": "111-115",
                  "Age Group": "Any",
                  "Systolic 136-140": "130",
                  "Systolic 141-145": "150",
                  "Systolic 146-150": "170",
                  "Systolic 151-155": "190",
                  "Systolic 156-160": "210",
                  "Systolic 161-165": "230",
                  "Systolic 166-170": "250",
                  "Systolic 171-175": "280",
                  "Systolic 176-180": "300",
                  "Systolic 181-185": "330",
                  "Systolic 186-190": "380",
                  "Systolic 191-195": "430",
                  "Systolic 196-200": "480"
                },
                {
                  "Diastolic": "116-120",
                  "Age Group": "Any",
                  "Systolic 136-140": "Decline",
                  "Systolic 141-145": "Decline",
                  "Systolic 146-150": "Decline",
                  "Systolic 151-155": "Decline",
                  "Systolic 156-160": "Decline",
                  "Systolic 161-165": "Decline",
                  "Systolic 166-170": "Decline",
                  "Systolic 171-175": "Decline",
                  "Systolic 176-180": "Decline",
                  "Systolic 181-185": "Decline",
                  "Systolic 186-190": "Decline",
                  "Systolic 191-195": "Decline",
                  "Systolic 196-200": "Decline"
                }
              ],
              "notes": []
            }
          }
        ]
      ]
    },
    {
      "step_id": 3,
      "description": "Assess the underwriting rating for juveniles based on elevated blood pressure levels.",
      "segment_ids": [
        3
      ],
      "text_from_manual": [
        [
          {
            "table": {
              "title": "JUVENILES",
              "columns": [
                "Age Group",
                "Blood Pressure Status",
                "Rating"
              ],
              "rows": [
                {
                  "Age Group": "0\u00e2\u20ac\u201c16",
                  "Blood Pressure Status": "Any elevated blood pressure",
                  "Rating": "IC"
                }
              ],
              "notes": []
            }
          }
        ]
      ]
    },
    {
      "step_id": 4,
      "description": "Determine WP and ADB ratings based on the Life Rating.",
      "segment_ids": [
        4
      ],
      "text_from_manual": [
        [
          {
            "table": {
              "title": "WP and ADB",
              "columns": [
                "Life Rating",
                "WP",
                "ADB"
              ],
              "rows": [
                {
                  "Life Rating": "0",
                  "WP": "0",
                  "ADB": "0"
                },
                {
                  "Life Rating": "25 to 50",
                  "WP": "1.5x",
                  "ADB": "1.5x"
                },
                {
                  "Life Rating": "75 to 100",
                  "WP": "2x",
                  "ADB": "2x"
                },
                {
                  "Life Rating": ">100",
                  "WP": "Decline",
                  "ADB": "Decline"
                },
                {
                  "Life Rating": "Decline",
                  "WP": "Decline",
                  "ADB": "Decline"
                }
              ],
              "notes": []
            }
          }
        ]
      ]
    },
    {
      "step_id": 5,
      "description": "Determine LTC ratings based on blood pressure status and associated risks.",
      "segment_ids": [
        5
      ],
      "text_from_manual": [
        [
          {
            "table": {
              "title": "LTC",
              "columns": [
                "Blood Pressure Status",
                "LTC Rating"
              ],
              "rows": [
                {
                  "Blood Pressure Status": "Up to 160/95, no other risks",
                  "LTC Rating": "Life Rating (before credits)"
                },
                {
                  "Blood Pressure Status": ">160/95",
                  "LTC Rating": "Decline"
                }
              ],
              "notes": []
            }
          }
        ]
      ]
    }
  ]
}