{
  "manual_section": "Build-Risk Assessment",
  "steps": [
    {
      "step_id": 1,
      "description": "Determine the underwriting rating for overweight adults based on their height and weight using the Overweight Build Table.",
      "segment_ids": [
        1
      ],
      "text_from_manual": [
        [
          {
            "table": {
              "title": "Overweight Build Table (Adults) \u00e2\u20ac\u201c Synthetic Data",
              "columns": [
                "Height",
                "+25",
                "+50",
                "+75",
                "+100",
                "+125",
                "+150",
                "+200",
                "+250",
                "+300",
                "+350",
                "+400"
              ],
              "rows": [
                {
                  "Height": "4'8\"",
                  "+25": "190",
                  "+50": "201",
                  "+75": "207",
                  "+100": "214",
                  "+125": "222",
                  "+150": "226",
                  "+200": "239",
                  "+250": "248",
                  "+300": "258",
                  "+350": "266",
                  "+400": "275"
                },
                {
                  "Height": "4'9\"",
                  "+25": "194",
                  "+50": "205",
                  "+75": "211",
                  "+100": "218",
                  "+125": "226",
                  "+150": "232",
                  "+200": "243",
                  "+250": "252",
                  "+300": "262",
                  "+350": "270",
                  "+400": "279"
                },
                {
                  "Height": "4'10\"",
                  "+25": "199",
                  "+50": "209",
                  "+75": "215",
                  "+100": "222",
                  "+125": "228",
                  "+150": "236",
                  "+200": "248",
                  "+250": "257",
                  "+300": "264",
                  "+350": "276",
                  "+400": "284"
                },
                {
                  "Height": "4'11\"",
                  "+25": "203",
                  "+50": "213",
                  "+75": "221",
                  "+100": "226",
                  "+125": "234",
                  "+150": "240",
                  "+200": "252",
                  "+250": "261",
                  "+300": "270",
                  "+350": "279",
                  "+400": "288"
                },
                {
                  "Height": "5'0\"",
                  "+25": "204",
                  "+50": "217",
                  "+75": "225",
                  "+100": "230",
                  "+125": "239",
                  "+150": "244",
                  "+200": "256",
                  "+250": "262",
                  "+300": "274",
                  "+350": "282",
                  "+400": "292"
                },
                {
                  "Height": "5'1\"",
                  "+25": "213",
                  "+50": "222",
                  "+75": "228",
                  "+100": "234",
                  "+125": "243",
                  "+150": "248",
                  "+200": "260",
                  "+250": "269",
                  "+300": "278",
                  "+350": "288",
                  "+400": "296"
                },
                {
                  "Height": "5'2\"",
                  "+25": "214",
                  "+50": "226",
                  "+75": "233",
                  "+100": "244",
                  "+125": "247",
                  "+150": "254",
                  "+200": "262",
                  "+250": "272",
                  "+300": "281",
                  "+350": "289",
                  "+400": "299"
                },
                {
                  "Height": "5'3\"",
                  "+25": "218",
                  "+50": "231",
                  "+75": "237",
                  "+100": "248",
                  "+125": "253",
                  "+150": "259",
                  "+200": "272",
                  "+250": "281",
                  "+300": "288",
                  "+350": "299",
                  "+400": "308"
                },
                {
                  "Height": "5'4\"",
                  "+25": "226",
                  "+50": "237",
                  "+75": "242",
                  "+100": "252",
                  "+125": "260",
                  "+150": "266",
                  "+200": "279",
                  "+250": "289",
                  "+300": "298",
                  "+350": "308",
                  "+400": "316"
                },
                {
                  "Height": "5'5\"",
                  "+25": "232",
                  "+50": "244",
                  "+75": "249",
                  "+100": "256",
                  "+125": "266",
                  "+150": "274",
                  "+200": "286",
                  "+250": "294",
                  "+300": "306",
                  "+350": "313",
                  "+400": "323"
                },
                {
                  "Height": "5'6\"",
                  "+25": "238",
                  "+50": "249",
                  "+75": "255",
                  "+100": "260",
                  "+125": "272",
                  "+150": "279",
                  "+200": "294",
                  "+250": "303",
                  "+300": "312",
                  "+350": "322",
                  "+400": "328"
                },
                {
                  "Height": "5'7\"",
                  "+25": "243",
                  "+50": "255",
                  "+75": "263",
                  "+100": "270",
                  "+125": "278",
                  "+150": "288",
                  "+200": "302",
                  "+250": "311",
                  "+300": "320",
                  "+350": "329",
                  "+400": "338"
                },
                {
                  "Height": "5'8\"",
                  "+25": "252",
                  "+50": "263",
                  "+75": "270",
                  "+100": "274",
                  "+125": "288",
                  "+150": "296",
                  "+200": "309",
                  "+250": "319",
                  "+300": "328",
                  "+350": "337",
                  "+400": "346"
                },
                {
                  "Height": "5'9\"",
                  "+25": "256",
                  "+50": "271",
                  "+75": "271",
                  "+100": "288",
                  "+125": "296",
                  "+150": "304",
                  "+200": "318",
                  "+250": "328",
                  "+300": "338",
                  "+350": "344",
                  "+400": "356"
                },
                {
                  "Height": "5'10\"",
                  "+25": "260",
                  "+50": "278",
                  "+75": "281",
                  "+100": "294",
                  "+125": "302",
                  "+150": "308",
                  "+200": "326",
                  "+250": "334",
                  "+300": "344",
                  "+350": "354",
                  "+400": "366"
                },
                {
                  "Height": "5'11\"",
                  "+25": "270",
                  "+50": "283",
                  "+75": "291",
                  "+100": "302",
                  "+125": "312",
                  "+150": "316",
                  "+200": "334",
                  "+250": "344",
                  "+300": "352",
                  "+350": "364",
                  "+400": "374"
                },
                {
                  "Height": "6'0\"",
                  "+25": "278",
                  "+50": "291",
                  "+75": "301",
                  "+100": "312",
                  "+125": "319",
                  "+150": "324",
                  "+200": "342",
                  "+250": "352",
                  "+300": "362",
                  "+350": "372",
                  "+400": "382"
                },
                {
                  "Height": "6'1\"",
                  "+25": "287",
                  "+50": "301",
                  "+75": "308",
                  "+100": "318",
                  "+125": "324",
                  "+150": "332",
                  "+200": "349",
                  "+250": "361",
                  "+300": "372",
                  "+350": "381",
                  "+400": "391"
                },
                {
                  "Height": "6'2\"",
                  "+25": "296",
                  "+50": "309",
                  "+75": "311",
                  "+100": "326",
                  "+125": "334",
                  "+150": "342",
                  "+200": "358",
                  "+250": "368",
                  "+300": "380",
                  "+350": "388",
                  "+400": "398"
                },
                {
                  "Height": "6'3\"",
                  "+25": "304",
                  "+50": "315",
                  "+75": "321",
                  "+100": "334",
                  "+125": "344",
                  "+150": "352",
                  "+200": "366",
                  "+250": "379",
                  "+300": "389",
                  "+350": "399",
                  "+400": "409"
                },
                {
                  "Height": "6'4\"",
                  "+25": "312",
                  "+50": "323",
                  "+75": "333",
                  "+100": "344",
                  "+125": "352",
                  "+150": "358",
                  "+200": "372",
                  "+250": "388",
                  "+300": "398",
                  "+350": "408",
                  "+400": "411"
                },
                {
                  "Height": "6'5\"",
                  "+25": "319",
                  "+50": "333",
                  "+75": "340",
                  "+100": "352",
                  "+125": "358",
                  "+150": "368",
                  "+200": "384",
                  "+250": "397",
                  "+300": "407",
                  "+350": "417",
                  "+400": "427"
                },
                {
                  "Height": "6'6\"",
                  "+25": "327",
                  "+50": "341",
                  "+75": "341",
                  "+100": "358",
                  "+125": "368",
                  "+150": "376",
                  "+200": "394",
                  "+250": "406",
                  "+300": "416",
                  "+350": "426",
                  "+400": "436"
                },
                {
                  "Height": "6'7\"",
                  "+25": "333",
                  "+50": "347",
                  "+75": "351",
                  "+100": "368",
                  "+125": "378",
                  "+150": "386",
                  "+200": "402",
                  "+250": "415",
                  "+300": "425",
                  "+350": "433",
                  "+400": "442"
                },
                {
                  "Height": "6'8\"",
                  "+25": "340",
                  "+50": "355",
                  "+75": "361",
                  "+100": "376",
                  "+125": "388",
                  "+150": "392",
                  "+200": "411",
                  "+250": "422",
                  "+300": "432",
                  "+350": "441",
                  "+400": "454"
                },
                {
                  "Height": "6'9\"",
                  "+25": "351",
                  "+50": "361",
                  "+75": "371",
                  "+100": "384",
                  "+125": "392",
                  "+150": "402",
                  "+200": "418",
                  "+250": "433",
                  "+300": "442",
                  "+350": "451",
                  "+400": "461"
                },
                {
                  "Height": "6'10\"",
                  "+25": "359",
                  "+50": "371",
                  "+75": "381",
                  "+100": "393",
                  "+125": "400",
                  "+150": "412",
                  "+200": "429",
                  "+250": "442",
                  "+300": "452",
                  "+350": "461",
                  "+400": "472"
                },
                {
                  "Height": "6'11\"",
                  "+25": "367",
                  "+50": "381",
                  "+75": "391",
                  "+100": "401",
                  "+125": "408",
                  "+150": "419",
                  "+200": "437",
                  "+250": "451",
                  "+300": "462",
                  "+350": "471",
                  "+400": "481"
                }
              ],
              "notes": [
                "+25 is not charged if this is the only rating applicable.",
                "Ratings above +200 are speculative.",
                "For a weight that goes below the weight corresponding to the +25 rating, simply go with rating of +0."
              ]
            }
          }
        ]
      ]
    },
    {
      "step_id": 2,
      "description": "Determine the underwriting rating for underweight adults based on their height, weight, and gender using the Underweight Build Table.",
      "segment_ids": [
        2
      ],
      "text_from_manual": [
        [
          {
            "table": {
              "title": "Underweight Build Table (Adults) \u00e2\u20ac\u201c Synthetic Data",
              "columns": [
                "Height",
                "Male +100",
                "Male +50",
                "Male Avg",
                "Female +100",
                "Female +50",
                "Female Avg"
              ],
              "rows": [
                {
                  "Height": "4'8\"",
                  "Male +100": "80",
                  "Male +50": "90",
                  "Male Avg": "121",
                  "Female +100": "69",
                  "Female +50": "80",
                  "Female Avg": "106"
                },
                {
                  "Height": "4'9\"",
                  "Male +100": "82",
                  "Male +50": "92",
                  "Male Avg": "124",
                  "Female +100": "70",
                  "Female +50": "81",
                  "Female Avg": "108"
                },
                {
                  "Height": "4'10\"",
                  "Male +100": "84",
                  "Male +50": "96",
                  "Male Avg": "127",
                  "Female +100": "73",
                  "Female +50": "84",
                  "Female Avg": "114"
                },
                {
                  "Height": "4'11\"",
                  "Male +100": "86",
                  "Male +50": "97",
                  "Male Avg": "130",
                  "Female +100": "76",
                  "Female +50": "88",
                  "Female Avg": "116"
                },
                {
                  "Height": "5'0\"",
                  "Male +100": "88",
                  "Male +50": "101",
                  "Male Avg": "133",
                  "Female +100": "77",
                  "Female +50": "90",
                  "Female Avg": "119"
                },
                {
                  "Height": "5'1\"",
                  "Male +100": "90",
                  "Male +50": "102",
                  "Male Avg": "136",
                  "Female +100": "79",
                  "Female +50": "93",
                  "Female Avg": "124"
                },
                {
                  "Height": "5'2\"",
                  "Male +100": "92",
                  "Male +50": "103",
                  "Male Avg": "139",
                  "Female +100": "81",
                  "Female +50": "96",
                  "Female Avg": "126"
                },
                {
                  "Height": "5'3\"",
                  "Male +100": "94",
                  "Male +50": "108",
                  "Male Avg": "143",
                  "Female +100": "84",
                  "Female +50": "99",
                  "Female Avg": "129"
                },
                {
                  "Height": "5'4\"",
                  "Male +100": "96",
                  "Male +50": "111",
                  "Male Avg": "147",
                  "Female +100": "86",
                  "Female +50": "100",
                  "Female Avg": "132"
                },
                {
                  "Height": "5'5\"",
                  "Male +100": "99",
                  "Male +50": "113",
                  "Male Avg": "151",
                  "Female +100": "88",
                  "Female +50": "103",
                  "Female Avg": "135"
                },
                {
                  "Height": "5'6\"",
                  "Male +100": "100",
                  "Male +50": "116",
                  "Male Avg": "154",
                  "Female +100": "91",
                  "Female +50": "106",
                  "Female Avg": "137"
                },
                {
                  "Height": "5'7\"",
                  "Male +100": "101",
                  "Male +50": "119",
                  "Male Avg": "158",
                  "Female +100": "93",
                  "Female +50": "110",
                  "Female Avg": "140"
                },
                {
                  "Height": "5'8\"",
                  "Male +100": "102",
                  "Male +50": "122",
                  "Male Avg": "162",
                  "Female +100": "96",
                  "Female +50": "111",
                  "Female Avg": "143"
                },
                {
                  "Height": "5'9\"",
                  "Male +100": "109",
                  "Male +50": "125",
                  "Male Avg": "166",
                  "Female +100": "98",
                  "Female +50": "112",
                  "Female Avg": "146"
                },
                {
                  "Height": "5'10\"",
                  "Male +100": "111",
                  "Male +50": "128",
                  "Male Avg": "170",
                  "Female +100": "101",
                  "Female +50": "116",
                  "Female Avg": "154"
                },
                {
                  "Height": "5'11\"",
                  "Male +100": "112",
                  "Male +50": "131",
                  "Male Avg": "174",
                  "Female +100": "104",
                  "Female +50": "119",
                  "Female Avg": "159"
                },
                {
                  "Height": "6'0\"",
                  "Male +100": "116",
                  "Male +50": "134",
                  "Male Avg": "178",
                  "Female +100": "107",
                  "Female +50": "121",
                  "Female Avg": "160"
                },
                {
                  "Height": "6'1\"",
                  "Male +100": "120",
                  "Male +50": "137",
                  "Male Avg": "182",
                  "Female +100": "110",
                  "Female +50": "124",
                  "Female Avg": "164"
                },
                {
                  "Height": "6'2\"",
                  "Male +100": "122",
                  "Male +50": "139",
                  "Male Avg": "186",
                  "Female +100": "113",
                  "Female +50": "128",
                  "Female Avg": "168"
                },
                {
                  "Height": "6'3\"",
                  "Male +100": "123",
                  "Male +50": "143",
                  "Male Avg": "190",
                  "Female +100": "116",
                  "Female +50": "129",
                  "Female Avg": "172"
                },
                {
                  "Height": "6'4\"",
                  "Male +100": "129",
                  "Male +50": "146",
                  "Male Avg": "194",
                  "Female +100": "119",
                  "Female +50": "134",
                  "Female Avg": "174"
                },
                {
                  "Height": "6'5\"",
                  "Male +100": "130",
                  "Male +50": "149",
                  "Male Avg": "198",
                  "Female +100": "122",
                  "Female +50": "137",
                  "Female Avg": "180"
                },
                {
                  "Height": "6'6\"",
                  "Male +100": "131",
                  "Male +50": "152",
                  "Male Avg": "202",
                  "Female +100": "125",
                  "Female +50": "140",
                  "Female Avg": "184"
                },
                {
                  "Height": "6'7\"",
                  "Male +100": "134",
                  "Male +50": "154",
                  "Male Avg": "206",
                  "Female +100": "128",
                  "Female +50": "143",
                  "Female Avg": "188"
                },
                {
                  "Height": "6'8\"",
                  "Male +100": "143",
                  "Male +50": "157",
                  "Male Avg": "210",
                  "Female +100": "131",
                  "Female +50": "146",
                  "Female Avg": "192"
                },
                {
                  "Height": "6'9\"",
                  "Male +100": "144",
                  "Male +50": "160",
                  "Male Avg": "214",
                  "Female +100": "134",
                  "Female +50": "149",
                  "Female Avg": "199"
                },
                {
                  "Height": "6'10\"",
                  "Male +100": "145",
                  "Male +50": "162",
                  "Male Avg": "218",
                  "Female +100": "137",
                  "Female +50": "152",
                  "Female Avg": "201"
                },
                {
                  "Height": "6'11\"",
                  "Male +100": "150",
                  "Male +50": "164",
                  "Male Avg": "222",
                  "Female +100": "140",
                  "Female +50": "155",
                  "Female Avg": "206"
                }
              ],
              "notes": []
            }
          }
        ]
      ]
    }
  ]
}