{
  "manual_section": "Cholesterol and HDL-C",
  "steps": [
    {
      "step_id": 1,
      "description": "Review the general notes and guidelines for using cholesterol and HDL-C ratios to ensure proper application of the rating criteria.",
      "segment_ids": [
        1
      ],
      "text_from_manual": [
        [
          {
            "notes": [
              "Use Chol/HDL-C ratio in preference to total cholesterol.",
              "If HDL-C is not available, use total cholesterol.",
              "If cholesterol is <200 mg/dl, rating is +0 regardless of ratio.",
              "LDL-C/HDL-C ratios are not used for rating.",
              "ApoA-1/ApoB ratio may modify the Chol/HDL-C ratio rating.",
              "Low cholesterol (<180 mg/dl) in applicants over age 70 should be closely scrutinized for cancer risk."
            ]
          }
        ]
      ]
    },
    {
      "step_id": 2,
      "description": "Determine the rating adjustment based on the ApoA-1/ApoB ratio.",
      "segment_ids": [
        2
      ],
      "text_from_manual": [
        [
          {
            "table": {
              "title": "ApoA-1/ApoB Ratio Credits/Debits",
              "columns": [
                "ApoA-1/ApoB Ratio",
                "Rating Adjustment"
              ],
              "rows": [
                {
                  "ApoA-1/ApoB Ratio": "3.6 and up",
                  "Rating Adjustment": "-100"
                },
                {
                  "ApoA-1/ApoB Ratio": "2.0\u00e2\u20ac\u201c3.5",
                  "Rating Adjustment": "-50"
                },
                {
                  "ApoA-1/ApoB Ratio": "0.90\u00e2\u20ac\u201c1.9",
                  "Rating Adjustment": "0"
                },
                {
                  "ApoA-1/ApoB Ratio": "0.80\u00e2\u20ac\u201c0.89",
                  "Rating Adjustment": "+50"
                },
                {
                  "ApoA-1/ApoB Ratio": "<0.80",
                  "Rating Adjustment": "+75"
                }
              ],
              "notes": []
            }
          }
        ]
      ]
    },
    {
      "step_id": 3,
      "description": "Evaluate cholesterol levels based on the applicant's age group to assign a rating.",
      "segment_ids": [
        3
      ],
      "text_from_manual": [
        [
          {
            "table": {
              "title": "Cholesterol and HDL-C Rating Table",
              "columns": [
                "Age Group",
                "Cholesterol (mg/dl)",
                "Rating"
              ],
              "rows": [
                {
                  "Age Group": "<30",
                  "Cholesterol (mg/dl)": "250\u00e2\u20ac\u201c300",
                  "Rating": "+0"
                },
                {
                  "Age Group": "<30",
                  "Cholesterol (mg/dl)": "301\u00e2\u20ac\u201c350",
                  "Rating": "+75"
                },
                {
                  "Age Group": "<30",
                  "Cholesterol (mg/dl)": "351\u00e2\u20ac\u201c400",
                  "Rating": "+100"
                },
                {
                  "Age Group": "<30",
                  "Cholesterol (mg/dl)": ">400",
                  "Rating": "Decline"
                },
                {
                  "Age Group": "31\u00e2\u20ac\u201c55",
                  "Cholesterol (mg/dl)": "250\u00e2\u20ac\u201c300",
                  "Rating": "+0"
                },
                {
                  "Age Group": "31\u00e2\u20ac\u201c55",
                  "Cholesterol (mg/dl)": "301\u00e2\u20ac\u201c350",
                  "Rating": "+50"
                },
                {
                  "Age Group": "31\u00e2\u20ac\u201c55",
                  "Cholesterol (mg/dl)": "351\u00e2\u20ac\u201c400",
                  "Rating": "+75"
                },
                {
                  "Age Group": "31\u00e2\u20ac\u201c55",
                  "Cholesterol (mg/dl)": ">400",
                  "Rating": "IC"
                },
                {
                  "Age Group": "56\u00e2\u20ac\u201c64",
                  "Cholesterol (mg/dl)": "250\u00e2\u20ac\u201c300",
                  "Rating": "+0"
                },
                {
                  "Age Group": "56\u00e2\u20ac\u201c64",
                  "Cholesterol (mg/dl)": "301\u00e2\u20ac\u201c350",
                  "Rating": "+25"
                },
                {
                  "Age Group": "56\u00e2\u20ac\u201c64",
                  "Cholesterol (mg/dl)": "351\u00e2\u20ac\u201c400",
                  "Rating": "+50"
                },
                {
                  "Age Group": "56\u00e2\u20ac\u201c64",
                  "Cholesterol (mg/dl)": ">400",
                  "Rating": "+150"
                },
                {
                  "Age Group": "65+",
                  "Cholesterol (mg/dl)": "250\u00e2\u20ac\u201c300",
                  "Rating": "+0"
                },
                {
                  "Age Group": "65+",
                  "Cholesterol (mg/dl)": "301\u00e2\u20ac\u201c350",
                  "Rating": "+0"
                },
                {
                  "Age Group": "65+",
                  "Cholesterol (mg/dl)": "351\u00e2\u20ac\u201c400",
                  "Rating": "+25"
                },
                {
                  "Age Group": "65+",
                  "Cholesterol (mg/dl)": ">400",
                  "Rating": "+50"
                }
              ],
              "notes": []
            }
          }
        ]
      ]
    },
    {
      "step_id": 4,
      "description": "Assess the Chol/HDL-C ratio based on the applicant's age group to determine the appropriate rating.",
      "segment_ids": [
        4
      ],
      "text_from_manual": [
        [
          {
            "table": {
              "title": "Chol/HDL-C Ratio Rating Table",
              "columns": [
                "Age Group",
                "Chol/HDL-C Ratio",
                "Rating"
              ],
              "rows": [
                {
                  "Age Group": "All ages",
                  "Chol/HDL-C Ratio": "<7.4",
                  "Rating": "+0"
                },
                {
                  "Age Group": "<30",
                  "Chol/HDL-C Ratio": "7.5\u00e2\u20ac\u201c8.5",
                  "Rating": "+50"
                },
                {
                  "Age Group": "<30",
                  "Chol/HDL-C Ratio": "8.6\u00e2\u20ac\u201c10.5",
                  "Rating": "+75"
                },
                {
                  "Age Group": "<30",
                  "Chol/HDL-C Ratio": "10.6\u00e2\u20ac\u201c12.5",
                  "Rating": "+100"
                },
                {
                  "Age Group": "<30",
                  "Chol/HDL-C Ratio": "12.6\u00e2\u20ac\u201c14.5",
                  "Rating": "IC"
                },
                {
                  "Age Group": "<30",
                  "Chol/HDL-C Ratio": ">14.5",
                  "Rating": "Decline"
                },
                {
                  "Age Group": "31\u00e2\u20ac\u201c55",
                  "Chol/HDL-C Ratio": "7.5\u00e2\u20ac\u201c8.5",
                  "Rating": "+0"
                },
                {
                  "Age Group": "31\u00e2\u20ac\u201c55",
                  "Chol/HDL-C Ratio": "8.6\u00e2\u20ac\u201c10.5",
                  "Rating": "+50"
                },
                {
                  "Age Group": "31\u00e2\u20ac\u201c55",
                  "Chol/HDL-C Ratio": "10.6\u00e2\u20ac\u201c12.5",
                  "Rating": "+75"
                },
                {
                  "Age Group": "31\u00e2\u20ac\u201c55",
                  "Chol/HDL-C Ratio": "12.6\u00e2\u20ac\u201c14.5",
                  "Rating": "+125"
                },
                {
                  "Age Group": "31\u00e2\u20ac\u201c55",
                  "Chol/HDL-C Ratio": ">14.5",
                  "Rating": "Decline"
                },
                {
                  "Age Group": "56\u00e2\u20ac\u201c64",
                  "Chol/HDL-C Ratio": "7.5\u00e2\u20ac\u201c8.5",
                  "Rating": "+0"
                },
                {
                  "Age Group": "56\u00e2\u20ac\u201c64",
                  "Chol/HDL-C Ratio": "8.6\u00e2\u20ac\u201c10.5",
                  "Rating": "+25"
                },
                {
                  "Age Group": "56\u00e2\u20ac\u201c64",
                  "Chol/HDL-C Ratio": "10.6\u00e2\u20ac\u201c12.5",
                  "Rating": "+50"
                },
                {
                  "Age Group": "56\u00e2\u20ac\u201c64",
                  "Chol/HDL-C Ratio": "12.6\u00e2\u20ac\u201c14.5",
                  "Rating": "+75"
                },
                {
                  "Age Group": "56\u00e2\u20ac\u201c64",
                  "Chol/HDL-C Ratio": ">14.5",
                  "Rating": "Decline"
                },
                {
                  "Age Group": "65+",
                  "Chol/HDL-C Ratio": "7.5\u00e2\u20ac\u201c8.5",
                  "Rating": "+0"
                },
                {
                  "Age Group": "65+",
                  "Chol/HDL-C Ratio": "8.6\u00e2\u20ac\u201c10.5",
                  "Rating": "+0"
                },
                {
                  "Age Group": "65+",
                  "Chol/HDL-C Ratio": "10.6\u00e2\u20ac\u201c12.5",
                  "Rating": "+25"
                },
                {
                  "Age Group": "65+",
                  "Chol/HDL-C Ratio": "12.6\u00e2\u20ac\u201c14.5",
                  "Rating": "+50"
                },
                {
                  "Age Group": "65+",
                  "Chol/HDL-C Ratio": ">14.5",
                  "Rating": "IC"
                }
              ],
              "notes": []
            }
          }
        ]
      ]
    },
    {
      "step_id": 5,
      "description": "Determine WP, ADB, and LTC ratings based on the LIFE rating.",
      "segment_ids": [
        5
      ],
      "text_from_manual": [
        [
          {
            "table": {
              "title": "WP, ADB, and LTC Table",
              "columns": [
                "LIFE Rating",
                "WP",
                "ADB",
                "LTC (for LIFE > +75, Decline)"
              ],
              "rows": [
                {
                  "LIFE Rating": "+0",
                  "WP": "+0",
                  "ADB": "+0",
                  "LTC (for LIFE > +75, Decline)": "+0"
                },
                {
                  "LIFE Rating": "+25 to +50",
                  "WP": "Decline",
                  "ADB": "1.5x",
                  "LTC (for LIFE > +75, Decline)": "+50"
                },
                {
                  "LIFE Rating": "+75 to +100",
                  "WP": "Decline",
                  "ADB": "2x",
                  "LTC (for LIFE > +75, Decline)": "Decline"
                },
                {
                  "LIFE Rating": ">+100",
                  "WP": "Decline",
                  "ADB": "Decline",
                  "LTC (for LIFE > +75, Decline)": "Decline"
                }
              ],
              "notes": []
            }
          }
        ]
      ]
    }
  ]
}