{
  "manual_section": "Chronic Obstructive Pulmonary Disease",
  "steps": [
    {
      "step_id": 0,
      "description": "Determine the severity of COPD using the GOLD classification criteria based on FEV1% predicted.",
      "segment_ids": [],
      "text_from_manual": [
        [
          {
            "table": {
              "title": "GOLD Criteria (Global Initiative for Chronic Obstructive Lung Disease)",
              "columns": [
                "GOLD Grade",
                "FEV1 % Predicted",
                "Description"
              ],
              "rows": [
                {
                  "GOLD Grade": "Mild (Grade A)",
                  "FEV1 % Predicted": "\u226580%",
                  "Description": "Minimal symptoms"
                },
                {
                  "GOLD Grade": "Moderate (B)",
                  "FEV1 % Predicted": "50\u201379%",
                  "Description": "Some limitation"
                },
                {
                  "GOLD Grade": "Severe (C)",
                  "FEV1 % Predicted": "30\u201349%",
                  "Description": "Marked limitation"
                },
                {
                  "GOLD Grade": "Very Severe (D)",
                  "FEV1 % Predicted": "<30%",
                  "Description": "Severe limitation"
                }
              ]
            }
          }
        ]
      ]
    },
    {
      "step_id": 1,
      "description": "Determine the rating based on COPD severity (GOLD classification), FEV1%, age, and tobacco use.",
      "segment_ids": [
        1
      ],
      "text_from_manual": [
        [
          {
            "table": {
              "title": "COPD Rating Table (Synthetic, Revised)",
              "columns": [
                "GOLD Severity & Classification",
                "Sub-class",
                "FEV1%",
                "Age <40",
                "Age 41\u00e2\u20ac\u201c69",
                "Age 70+"
              ],
              "rows": [
                {
                  "GOLD Severity & Classification": "Mild: Grade A",
                  "Sub-class": "",
                  "FEV1%": ">80%",
                  "Age <40": "+0",
                  "Age 41\u00e2\u20ac\u201c69": "+0",
                  "Age 70+": "+0"
                },
                {
                  "GOLD Severity & Classification": "Moderate: Grade B",
                  "Sub-class": "I",
                  "FEV1%": "70\u00e2\u20ac\u201c79%",
                  "Age <40": "+25",
                  "Age 41\u00e2\u20ac\u201c69": "+0",
                  "Age 70+": "+0"
                },
                {
                  "GOLD Severity & Classification": "Moderate: Grade B",
                  "Sub-class": "II",
                  "FEV1%": "60\u00e2\u20ac\u201c69%",
                  "Age <40": "+60",
                  "Age 41\u00e2\u20ac\u201c69": "+25",
                  "Age 70+": "+0"
                },
                {
                  "GOLD Severity & Classification": "Moderate: Grade B",
                  "Sub-class": "III",
                  "FEV1%": "50\u00e2\u20ac\u201c59%",
                  "Age <40": "IC",
                  "Age 41\u00e2\u20ac\u201c69": "+90",
                  "Age 70+": "+25"
                },
                {
                  "GOLD Severity & Classification": "Severe: Grade C",
                  "Sub-class": "I",
                  "FEV1%": "40\u00e2\u20ac\u201c49%",
                  "Age <40": "Decline",
                  "Age 41\u00e2\u20ac\u201c69": "+160",
                  "Age 70+": "+110"
                },
                {
                  "GOLD Severity & Classification": "Severe: Grade C",
                  "Sub-class": "II",
                  "FEV1%": "30\u00e2\u20ac\u201c39%",
                  "Age <40": "Decline",
                  "Age 41\u00e2\u20ac\u201c69": "Decline",
                  "Age 70+": "+160"
                },
                {
                  "GOLD Severity & Classification": "Very Severe: Grade D",
                  "Sub-class": "",
                  "FEV1%": "<30%",
                  "Age <40": "Decline",
                  "Age 41\u00e2\u20ac\u201c69": "Decline",
                  "Age 70+": "Decline"
                }
              ],
              "notes": [
                "Rapid deterioration of FEV1: May require Decline",
                "Continued tobacco use:",
                "- Mild & Moderate I, all ages, <1 pack/day: Add +30",
                "- Mild & Moderate I, all ages, >1 pack/day: Decline",
                "- Moderate II or worse, all ages, any tobacco: Decline",
                "Ratings within ranges should be adjusted depending on age."
              ]
            }
          }
        ]
      ]
    },
    {
      "step_id": 2,
      "description": "Determine WP and ADB ratings based on the LIFE rating.",
      "segment_ids": [
        2
      ],
      "text_from_manual": [
        [
          {
            "table": {
              "title": "LIFE, WP, ADB",
              "columns": [
                "LIFE",
                "WP",
                "ADB"
              ],
              "rows": [
                {
                  "LIFE": "+0",
                  "WP": "+0",
                  "ADB": "+0"
                },
                {
                  "LIFE": "+25 to +60",
                  "WP": "Decline",
                  "ADB": "1.3x"
                },
                {
                  "LIFE": "+90 to +110",
                  "WP": "Decline",
                  "ADB": "1.7x"
                },
                {
                  "LIFE": ">+110",
                  "WP": "Decline",
                  "ADB": "Decline"
                }
              ],
              "notes": []
            }
          }
        ]
      ]
    },
    {
      "step_id": 3,
      "description": "Determine LTC ratings based on COPD severity and smoking status.",
      "segment_ids": [
        3
      ],
      "text_from_manual": [
        [
          {
            "table": {
              "title": "LTC",
              "columns": [
                "Severity",
                "LTC Rating"
              ],
              "rows": [
                {
                  "Severity": "Mild: Grade A",
                  "LTC Rating": "+0"
                },
                {
                  "Severity": "Moderate: Grade B",
                  "LTC Rating": "Follow LIFE Rating, STD"
                },
                {
                  "Severity": "Others",
                  "LTC Rating": "Decline"
                },
                {
                  "Severity": "Smokers",
                  "LTC Rating": "Decline"
                }
              ],
              "notes": []
            }
          }
        ]
      ]
    }
  ]
}