{
  "manual_section": "Coronary Artery Disease",
  "steps": [
    {
      "step_id": 0,
      "description": "Determine the CAD group classification based on the severity criteria, including the number of vessels involved, history of myocardial infarction, and left ventricular function.",
      "segment_ids": [],
      "text_from_manual": [
        [
          {
            "table": {
              "title": "Classification of Severity",
              "columns": [
                "Group",
                "Criteria"
              ],
              "rows": [
                {
                  "Group": "Group 1",
                  "Criteria": "Single vessel or no MI or normal EF"
                },
                {
                  "Group": "Group 2",
                  "Criteria": "Two vessel or prior MI or mild LV dysfunction"
                },
                {
                  "Group": "Group 3",
                  "Criteria": "Three vessel or left main or recurrent MI or significant LV dysfunction"
                },
                {
                  "Group": "Group 4",
                  "Criteria": "Severe or unstable or uninsurable"
                }
              ],
              "notes": [
                "Number of stents typically correspond to number of vessels."
              ]
            }
          }
        ]
      ]
    },
    {
      "step_id": 1,
      "description": "Determine the underwriting rating based on the applicant's age and CAD group classification.",
      "segment_ids": [
        1
      ],
      "text_from_manual": [
        [
          {
            "table": {
              "title": "Rapid CAD Rating Table",
              "columns": [
                "Age at Application",
                "Group 1",
                "Group 2",
                "Group 3",
                "Group 4"
              ],
              "rows": [
                {
                  "Age at Application": "<35",
                  "Group 1": "IC",
                  "Group 2": "Decline",
                  "Group 3": "Decline",
                  "Group 4": "Decline"
                },
                {
                  "Age at Application": "36-39",
                  "Group 1": "+150",
                  "Group 2": "+200",
                  "Group 3": "Decline",
                  "Group 4": "Decline"
                },
                {
                  "Age at Application": "40-45",
                  "Group 1": "+100",
                  "Group 2": "+150",
                  "Group 3": "+200",
                  "Group 4": "Decline"
                },
                {
                  "Age at Application": "46-49",
                  "Group 1": "+75",
                  "Group 2": "+125",
                  "Group 3": "+150",
                  "Group 4": "Decline"
                },
                {
                  "Age at Application": "50-69",
                  "Group 1": "+50",
                  "Group 2": "+100",
                  "Group 3": "+125",
                  "Group 4": "Decline"
                },
                {
                  "Age at Application": "70-79",
                  "Group 1": "+0",
                  "Group 2": "+50",
                  "Group 3": "+100",
                  "Group 4": "Decline"
                },
                {
                  "Age at Application": "80+",
                  "Group 1": "+0",
                  "Group 2": "+0",
                  "Group 3": "+50",
                  "Group 4": "Decline"
                }
              ],
              "notes": [
                "Group 1: Single vessel or no MI or normal EF",
                "Group 2: Two vessel or prior MI or mild LV dysfunction",
                "Group 3: Three vessel or left main or recurrent MI or significant LV dysfunction",
                "Group 4: Severe or unstable or uninsurable",
                "Note: number of stents typically correspond to number of vessels."
              ]
            }
          }
        ]
      ]
    },
    {
      "step_id": 2,
      "description": "Apply additional debits for applicants aged 50-69 based on the age of onset of CAD.",
      "segment_ids": [
        2
      ],
      "text_from_manual": [
        [
          {
            "table": {
              "title": "Age of Onset Debit (Ages 50-69 at Application)",
              "columns": [
                "Age of Onset",
                "Additional Debit"
              ],
              "rows": [
                {
                  "Age of Onset": "36-39",
                  "Additional Debit": "+75"
                },
                {
                  "Age of Onset": "40-45",
                  "Additional Debit": "+50"
                },
                {
                  "Age of Onset": "46-49",
                  "Additional Debit": "+25"
                },
                {
                  "Age of Onset": "> 50",
                  "Additional Debit": "No additional"
                }
              ],
              "notes": []
            }
          }
        ]
      ]
    },
    {
      "step_id": 3,
      "description": "Assess the applicant's smoking status and apply debits based on their age group and smoking habits.",
      "segment_ids": [
        3
      ],
      "text_from_manual": [
        [
          {
            "table": {
              "title": "Smoking Debits",
              "columns": [
                "Smoking Status",
                "Age 36-49",
                "Age 50-69",
                "Age 70-79",
                "Age 80+"
              ],
              "rows": [
                {
                  "Smoking Status": "<1 pack/day",
                  "Age 36-49": "Decline",
                  "Age 50-69": "+50-100",
                  "Age 70-79": "+25-50",
                  "Age 80+": "+0-25"
                },
                {
                  "Smoking Status": ">1 pack/day",
                  "Age 36-49": "Decline",
                  "Age 50-69": "Decline",
                  "Age 70-79": "Decline",
                  "Age 80+": "Decline"
                }
              ],
              "notes": []
            }
          }
        ]
      ]
    }
  ]
}