{
  "manual_section": "Diabetes Mellitus",
  "steps": [
    {
      "step_id": 1,
      "description": "Determine the rating for gestational diabetes based on pregnancy status, HbA1c levels, and treatment/control methods.",
      "segment_ids": [
        1
      ],
      "text_from_manual": [
        [
          {
            "table": {
              "title": "Gestational Diabetes",
              "columns": [
                "Status",
                "Subcategory",
                "Treatment/Control",
                "Rating"
              ],
              "rows": [
                {
                  "Status": "Currently pregnant",
                  "Subcategory": "",
                  "Treatment/Control": "Diet or oral medication",
                  "Rating": "IC"
                },
                {
                  "Status": "Currently pregnant",
                  "Subcategory": "",
                  "Treatment/Control": "Insulin",
                  "Rating": "Postpone"
                },
                {
                  "Status": "Not pregnant",
                  "Subcategory": "HbA1c \u2264 6.0",
                  "Treatment/Control": "",
                  "Rating": "Standard"
                },
                {
                  "Status": "Not pregnant",
                  "Subcategory": "HbA1c 6.1\u20136.4",
                  "Treatment/Control": "",
                  "Rating": "+40"
                },
                {
                  "Status": "Not pregnant",
                  "Subcategory": "HbA1c \u2265 6.5",
                  "Treatment/Control": "",
                  "Rating": "Rate as Type 2"
                }
              ],
              "notes": []
            }
          }
        ]
      ]
    },
    {
      "step_id": 2,
      "description": "Evaluate prediabetes ratings based on age and the presence of other risk factors.",
      "segment_ids": [
        2
      ],
      "text_from_manual": [
        [
          {
            "table": {
              "title": "Prediabetes",
              "columns": [
                "Age",
                "Other Risk Factors Present",
                "Rating"
              ],
              "rows": [
                {
                  "Age": "<40",
                  "Other Risk Factors Present": "None",
                  "Rating": "+40"
                },
                {
                  "Age": "40\u201349",
                  "Other Risk Factors Present": "Any",
                  "Rating": "Standard"
                },
                {
                  "Age": "50\u201359",
                  "Other Risk Factors Present": "Any",
                  "Rating": "Standard"
                },
                {
                  "Age": "60\u201369",
                  "Other Risk Factors Present": "Any",
                  "Rating": "Standard+"
                },
                {
                  "Age": "70+",
                  "Other Risk Factors Present": "Any",
                  "Rating": "Preferred"
                }
              ],
              "notes": []
            }
          }
        ]
      ]
    },
    {
      "step_id": 3,
      "description": "Assess Type 1 and Type 2 diabetes ratings based on the applicant's age at application, basic rating, and minimum rating after credits.",
      "segment_ids": [
        3
      ],
      "text_from_manual": [
        [
          {
            "table": {
              "title": "Type 1 Diabetes",
              "columns": [
                "Age at Application",
                "Basic Rating",
                "Minimum Rating after Credits"
              ],
              "rows": [
                {
                  "Age at Application": "0\u201316",
                  "Basic Rating": "Decline",
                  "Minimum Rating after Credits": "Decline"
                },
                {
                  "Age at Application": "17\u201319",
                  "Basic Rating": "+160",
                  "Minimum Rating after Credits": "+120"
                },
                {
                  "Age at Application": "20\u201329",
                  "Basic Rating": "+120",
                  "Minimum Rating after Credits": "+80"
                },
                {
                  "Age at Application": "30\u201339",
                  "Basic Rating": "+80",
                  "Minimum Rating after Credits": "+50"
                },
                {
                  "Age at Application": "40\u201349",
                  "Basic Rating": "+50",
                  "Minimum Rating after Credits": "+30"
                },
                {
                  "Age at Application": "50\u201359",
                  "Basic Rating": "+30",
                  "Minimum Rating after Credits": "Standard"
                },
                {
                  "Age at Application": "60\u201369",
                  "Basic Rating": "Standard",
                  "Minimum Rating after Credits": "Standard+"
                },
                {
                  "Age at Application": "70+",
                  "Basic Rating": "Standard",
                  "Minimum Rating after Credits": "Preferred"
                }
              ],
              "notes": []
            }
          },
          {
            "table": {
              "title": "Type 2 Diabetes",
              "columns": [
                "Age at Application",
                "Basic Rating",
                "Minimum Rating after Credits"
              ],
              "rows": [
                {
                  "Age at Application": "0\u201316",
                  "Basic Rating": "Decline",
                  "Minimum Rating after Credits": "Decline"
                },
                {
                  "Age at Application": "17\u201319",
                  "Basic Rating": "+100",
                  "Minimum Rating after Credits": "+70"
                },
                {
                  "Age at Application": "20\u201329",
                  "Basic Rating": "+70",
                  "Minimum Rating after Credits": "+40"
                },
                {
                  "Age at Application": "30\u201339",
                  "Basic Rating": "+40",
                  "Minimum Rating after Credits": "+20"
                },
                {
                  "Age at Application": "40\u201349",
                  "Basic Rating": "+20",
                  "Minimum Rating after Credits": "Standard"
                },
                {
                  "Age at Application": "50\u201359",
                  "Basic Rating": "Standard",
                  "Minimum Rating after Credits": "Standard+"
                },
                {
                  "Age at Application": "60\u201369",
                  "Basic Rating": "Standard",
                  "Minimum Rating after Credits": "Preferred"
                },
                {
                  "Age at Application": "70+",
                  "Basic Rating": "Standard",
                  "Minimum Rating after Credits": "Preferred"
                }
              ],
              "notes": []
            }
          }
        ]
      ]
    },
    {
      "step_id": 4,
      "description": "Determine rating adjustments based on diabetes-specific complications such as microalbuminuria, retinopathy, neuropathy, renal impairment, and other related conditions.",
      "segment_ids": [
        4
      ],
      "text_from_manual": [
        [
          {
            "table": {
              "title": "Diabetes Specific Complications",
              "columns": [
                "Complication",
                "Rating Adjustment"
              ],
              "rows": [
                {
                  "Complication": "Microalbuminuria (mild)",
                  "Rating Adjustment": "+30"
                },
                {
                  "Complication": "Macroalbuminuria",
                  "Rating Adjustment": "+80"
                },
                {
                  "Complication": "Retinopathy (background)",
                  "Rating Adjustment": "+0"
                },
                {
                  "Complication": "Retinopathy (proliferative)",
                  "Rating Adjustment": "+60"
                },
                {
                  "Complication": "Neuropathy (mild)",
                  "Rating Adjustment": "+0"
                },
                {
                  "Complication": "Neuropathy (moderate)",
                  "Rating Adjustment": "+40"
                },
                {
                  "Complication": "Neuropathy (severe)",
                  "Rating Adjustment": "Decline"
                },
                {
                  "Complication": "Amputation (due to diabetes)",
                  "Rating Adjustment": "Decline"
                },
                {
                  "Complication": "Renal impairment",
                  "Rating Adjustment": "IC or Decline"
                },
                {
                  "Complication": "Ulcer, lower extremity",
                  "Rating Adjustment": "Decline"
                }
              ],
              "notes": []
            }
          }
        ]
      ]
    }
  ]
}