{
  "manual_section": "Generalized Anxiety Disorder",
  "steps": [
    {
      "step_id": 0,
      "description": "Determine the severity of Generalized Anxiety Disorder (GAD) using the DSM-5 criteria based on symptoms, functional impairment, and hospitalization history.",
      "segment_ids": [],
      "text_from_manual": [
        [
          {
            "table": {
              "title": "Classification of Severity",
              "columns": [
                "Severity Level",
                "Criteria (DSM-5)"
              ],
              "rows": [
                {
                  "Severity Level": "Mild",
                  "Criteria (DSM-5)": "Symptoms present, minimal functional impairment, no hospitalizations"
                },
                {
                  "Severity Level": "Moderate",
                  "Criteria (DSM-5)": "Symptoms cause some functional impairment, may require medication adjustment"
                },
                {
                  "Severity Level": "Severe",
                  "Criteria (DSM-5)": "Significant functional impairment, frequent work loss, hospitalizations, or comorbidities"
                }
              ]
            }
          }
        ]
      ]
    },
    {
      "step_id": 1,
      "description": "Determine underwriting ratings for LIFE, WP, ADB, and LTC based on the severity of Generalized Anxiety Disorder (GAD), functional impairment, compliance, and duration of diagnosis.",
      "segment_ids": [
        1
      ],
      "text_from_manual": [
        [
          {
            "table": {
              "title": "Generalized Anxiety Disorder \u2013 Synthetic Data (Revised)",
              "columns": [
                "Severity/Action",
                "LIFE",
                "WP",
                "ADB",
                "LTC"
              ],
              "rows": [
                {
                  "Severity/Action": "Mild (no functional impairment, compliant, no other rateable mental disorder)",
                  "LIFE": "Std",
                  "WP": "Std",
                  "ADB": "Std",
                  "LTC": "Std"
                },
                {
                  "Severity/Action": "Mild (recent diagnosis, <1 year)",
                  "LIFE": "+30",
                  "WP": "IC",
                  "ADB": "IC",
                  "LTC": "IC"
                },
                {
                  "Severity/Action": "Moderate (some functional impairment, stable, compliant)",
                  "LIFE": "+60",
                  "WP": "Decline",
                  "ADB": "Decline",
                  "LTC": "Decline"
                },
                {
                  "Severity/Action": "Moderate (recent diagnosis, <1 year)",
                  "LIFE": "+90",
                  "WP": "Decline",
                  "ADB": "Decline",
                  "LTC": "Decline"
                },
                {
                  "Severity/Action": "Severe (significant impairment, work loss, hospitalizations, or comorbidities)",
                  "LIFE": "+120",
                  "WP": "Decline",
                  "ADB": "Decline",
                  "LTC": "Decline"
                },
                {
                  "Severity/Action": "Severe (recent diagnosis, <1 year)",
                  "LIFE": "Postpone",
                  "WP": "Decline",
                  "ADB": "Decline",
                  "LTC": "Decline"
                }
              ],
              "notes": [
                "*Std = Standard rates",
                "*IC = Individual Consideration*"
              ]
            }
          }
        ]
      ]
    }
  ]
}