{
  "manual_section": "Hepatitis B",
  "steps": [
    {
      "step_id": 0,
      "description": "Determine the severity of Hepatitis B using the classification criteria based on HBsAg status, LFTs, HBV DNA levels, fibrosis, and other factors.",
      "segment_ids": [],
      "text_from_manual": [
        [
          {
            "table": {
              "title": "Classification of Severity",
              "columns": [
                "Severity Level",
                "Criteria (US/Canadian Guidelines Reference)"
              ],
              "rows": [
                {
                  "Severity Level": "Inactive Carrier",
                  "Criteria (US/Canadian Guidelines Reference)": "HBsAg positive, HBeAg negative, normal LFTs, low/undetectable HBV DNA, no fibrosis"
                },
                {
                  "Severity Level": "Mild Chronic",
                  "Criteria (US/Canadian Guidelines Reference)": "HBsAg positive, mild LFT elevation, low HBV DNA, minimal fibrosis"
                },
                {
                  "Severity Level": "Moderate Chronic",
                  "Criteria (US/Canadian Guidelines Reference)": "HBsAg positive, moderate LFT elevation, moderate HBV DNA, moderate fibrosis"
                },
                {
                  "Severity Level": "Severe Chronic",
                  "Criteria (US/Canadian Guidelines Reference)": "HBsAg positive, high LFTs, high HBV DNA, advanced fibrosis/cirrhosis, or hepatocellular carcinoma"
                }
              ],
              "notes": [
                "References: AASLD, Canadian Liver Foundation, METAVIR, Ludwig, Knodell scoring systems for biopsy"
              ]
            }
          }
        ]
      ]
    },
    {
      "step_id": 1,
      "description": "Determine the underwriting ratings for acute infection based on the time since diagnosis and subcategory details.",
      "segment_ids": [
        1
      ],
      "text_from_manual": [
        [
          {
            "table": {
              "title": "Acute Infection",
              "columns": [
                "Time Since Diagnosis",
                "Subcategory",
                "LIFE",
                "WP",
                "ADB",
                "LTC"
              ],
              "rows": [
                {
                  "Time Since Diagnosis": "0\u20136 months",
                  "Subcategory": "",
                  "LIFE": "Postpone",
                  "WP": "Postpone",
                  "ADB": "Postpone",
                  "LTC": "Decline"
                },
                {
                  "Time Since Diagnosis": ">6 months",
                  "Subcategory": "HBsAg negative, LFTs normal",
                  "LIFE": "Std",
                  "WP": "Std",
                  "ADB": "Std",
                  "LTC": "Std"
                },
                {
                  "Time Since Diagnosis": ">6 months",
                  "Subcategory": "HBsAg negative, LFTs abnormal",
                  "LIFE": "Rate for LFTs",
                  "WP": "Decline",
                  "ADB": "Decline",
                  "LTC": "Decline"
                },
                {
                  "Time Since Diagnosis": ">6 months",
                  "Subcategory": "Unknown/Unavailable serology, LFTs normal",
                  "LIFE": "Std",
                  "WP": "Std",
                  "ADB": "Std",
                  "LTC": "Std"
                },
                {
                  "Time Since Diagnosis": ">6 months",
                  "Subcategory": "Unknown/Unavailable serology, LFTs abnormal",
                  "LIFE": "Rate as Chronic HBV",
                  "WP": "Rate as Chronic HBV",
                  "ADB": "Rate as Chronic HBV",
                  "LTC": "Rate as Chronic HBV"
                }
              ],
              "notes": []
            }
          }
        ]
      ]
    },
    {
      "step_id": 2,
      "description": "Evaluate the underwriting ratings for chronic infection without biopsy and untreated, based on LFTs, HBV DNA, and HBeAg status.",
      "segment_ids": [
        2
      ],
      "text_from_manual": [
        [
          {
            "table": {
              "title": "Chronic Infection (Without Biopsy, Untreated)",
              "columns": [
                "LFTs / HBV DNA / HBeAg Status",
                "LIFE",
                "WP",
                "ADB",
                "LTC"
              ],
              "rows": [
                {
                  "LFTs / HBV DNA / HBeAg Status": "LFTs currently normal",
                  "LIFE": "+25",
                  "WP": "+50",
                  "ADB": "+50",
                  "LTC": "+50"
                },
                {
                  "LFTs / HBV DNA / HBeAg Status": "LFTs normal >3 years",
                  "LIFE": "Std",
                  "WP": "Std",
                  "ADB": "Std",
                  "LTC": "Std"
                },
                {
                  "LFTs / HBV DNA / HBeAg Status": "Mild LFT elevation (ALT/AST <1.5x ULN)",
                  "LIFE": "+75",
                  "WP": "+100",
                  "ADB": "+75",
                  "LTC": "+75"
                },
                {
                  "LFTs / HBV DNA / HBeAg Status": "Moderate LFT elevation (ALT/AST 1.5\u20133x ULN), HBV DNA <20,000",
                  "LIFE": "+125",
                  "WP": "+150",
                  "ADB": "+100",
                  "LTC": "+100"
                },
                {
                  "LFTs / HBV DNA / HBeAg Status": "Moderate LFT elevation, HBV DNA >20,000",
                  "LIFE": "+175",
                  "WP": "+175",
                  "ADB": "+125",
                  "LTC": "+125"
                },
                {
                  "LFTs / HBV DNA / HBeAg Status": "Outside above",
                  "LIFE": "IC",
                  "WP": "IC",
                  "ADB": "IC",
                  "LTC": "IC"
                }
              ],
              "notes": []
            }
          }
        ]
      ]
    },
    {
      "step_id": 3,
      "description": "Assess the underwriting ratings for chronic infection with biopsy and untreated, based on biopsy findings, LFTs, and HBV DNA levels.",
      "segment_ids": [
        3
      ],
      "text_from_manual": [
        [
          {
            "table": {
              "title": "Chronic Infection (With Biopsy, Untreated)",
              "columns": [
                "Biopsy Findings / LFTs / HBV DNA",
                "LIFE",
                "WP",
                "ADB",
                "LTC"
              ],
              "rows": [
                {
                  "Biopsy Findings / LFTs / HBV DNA": "Normal/mild inflammation/fibrosis, LFTs normal",
                  "LIFE": "Std",
                  "WP": "Std",
                  "ADB": "Std",
                  "LTC": "Std"
                },
                {
                  "Biopsy Findings / LFTs / HBV DNA": "Mild LFT elevation (ALT/AST <1.5x ULN)",
                  "LIFE": "+50",
                  "WP": "+75",
                  "ADB": "+50",
                  "LTC": "+50"
                },
                {
                  "Biopsy Findings / LFTs / HBV DNA": "Moderate inflammation/fibrosis, LFTs normal",
                  "LIFE": "+100",
                  "WP": "+125",
                  "ADB": "+75",
                  "LTC": "+75"
                },
                {
                  "Biopsy Findings / LFTs / HBV DNA": "Moderate LFT elevation (ALT/AST <1.5x ULN), HBeAg neg, HBV DNA <20,000",
                  "LIFE": "+100",
                  "WP": "+125",
                  "ADB": "+75",
                  "LTC": "+75"
                },
                {
                  "Biopsy Findings / LFTs / HBV DNA": "Moderate LFT elevation, HBeAg neg, HBV DNA >20,000",
                  "LIFE": "+150",
                  "WP": "+150",
                  "ADB": "+100",
                  "LTC": "+100"
                },
                {
                  "Biopsy Findings / LFTs / HBV DNA": "Severe inflammation/fibrosis",
                  "LIFE": "Decline",
                  "WP": "Decline",
                  "ADB": "Decline",
                  "LTC": "Decline"
                },
                {
                  "Biopsy Findings / LFTs / HBV DNA": "Outside above",
                  "LIFE": "IC",
                  "WP": "IC",
                  "ADB": "IC",
                  "LTC": "IC"
                }
              ],
              "notes": []
            }
          }
        ]
      ]
    },
    {
      "step_id": 4,
      "description": "Determine the underwriting ratings for chronic infection treated (with or without biopsy), based on treatment duration, lab results, and response to treatment.",
      "segment_ids": [
        4
      ],
      "text_from_manual": [
        [
          {
            "table": {
              "title": "Chronic Infection (Treated, With or Without Biopsy)",
              "columns": [
                "Treatment Status / Labs",
                "LIFE",
                "WP",
                "ADB",
                "LTC"
              ],
              "rows": [
                {
                  "Treatment Status / Labs": "<1 year on treatment",
                  "LIFE": "Rate as Chronic, Untreated",
                  "WP": "",
                  "ADB": "",
                  "LTC": ""
                },
                {
                  "Treatment Status / Labs": ">1 year, HBV DNA decreased, LFTs normal",
                  "LIFE": "Credit -25 from untreated rating",
                  "WP": "",
                  "ADB": "",
                  "LTC": ""
                },
                {
                  "Treatment Status / Labs": ">1 year post-treatment, full response (HBV DNA neg, HBsAg neg, anti-HBe pos, LFTs normal)",
                  "LIFE": "Credit -50 from untreated rating",
                  "WP": "",
                  "ADB": "",
                  "LTC": ""
                },
                {
                  "Treatment Status / Labs": "Others/Relapse",
                  "LIFE": "IC",
                  "WP": "IC",
                  "ADB": "IC",
                  "LTC": "IC"
                }
              ],
              "notes": []
            }
          }
        ]
      ]
    },
    {
      "step_id": 5,
      "description": "Summarize WP, ADB, and LTC ratings based on the condition or status, referencing other tables as needed.",
      "segment_ids": [
        5
      ],
      "text_from_manual": [
        [
          {
            "table": {
              "title": "WP, ADB, LTC (Summary Table)",
              "columns": [
                "Condition / Status",
                "WP",
                "ADB",
                "LTC"
              ],
              "rows": [
                {
                  "Condition / Status": "Acute Infection",
                  "WP": "See Acute Infection Table Above",
                  "ADB": "See Acute Infection Table Above",
                  "LTC": "See Acute Infection Table Above"
                },
                {
                  "Condition / Status": "Chronic, no/short treatment",
                  "WP": "Decline",
                  "ADB": "Decline",
                  "LTC": "Decline"
                },
                {
                  "Condition / Status": "HBV DNA negative/undetectable",
                  "WP": "Std",
                  "ADB": "Std",
                  "LTC": "LIFE Rating"
                },
                {
                  "Condition / Status": "On long-term maintenance (>1 yr)",
                  "WP": "IC",
                  "ADB": "IC",
                  "LTC": "IC/Decline"
                }
              ],
              "notes": []
            }
          }
        ]
      ]
    }
  ]
}