{
  "manual_section": "Hepatitis C",
  "steps": [
    {
      "step_id": 0,
      "description": "Determine the severity of Hepatitis C using the classification criteria based on liver function tests (LFTs), HCV RNA levels, and fibrosis/cirrhosis status.",
      "segment_ids": [],
      "text_from_manual": [
        [
          {
            "table": {
              "title": "Classification of Severity",
              "columns": [
                "Severity Level",
                "Criteria"
              ],
              "rows": [
                {
                  "Severity Level": "Mild",
                  "Criteria": "HCV positive, normal LFTs, low/undetectable HCV RNA, no fibrosis"
                },
                {
                  "Severity Level": "Moderate",
                  "Criteria": "Mild LFT elevation, moderate HCV RNA, minimal fibrosis"
                },
                {
                  "Severity Level": "Severe",
                  "Criteria": "Moderate/severe LFT elevation, high HCV RNA, advanced fibrosis/cirrhosis, or hepatocellular carcinoma"
                }
              ]
            }
          }
        ]
      ]
    },
    {
      "step_id": 1,
      "description": "Evaluate the underwriting ratings for acute infection based on the time since diagnosis and lab results.",
      "segment_ids": [
        1
      ],
      "text_from_manual": [
        [
          {
            "table": {
              "title": "Acute Infection",
              "columns": [
                "Time Since Diagnosis",
                "LIFE",
                "WP",
                "ADB",
                "LTC"
              ],
              "rows": [
                {
                  "Time Since Diagnosis": "0\u00e2\u20ac\u201c6 months",
                  "LIFE": "Postpone",
                  "WP": "Postpone",
                  "ADB": "Postpone",
                  "LTC": "Decline"
                },
                {
                  "Time Since Diagnosis": ">6 months",
                  "LIFE": "",
                  "WP": "",
                  "ADB": "",
                  "LTC": ""
                },
                {
                  "Time Since Diagnosis": "HCV RNA negative, LFTs normal",
                  "LIFE": "Std",
                  "WP": "Std",
                  "ADB": "Std",
                  "LTC": "Std"
                },
                {
                  "Time Since Diagnosis": "HCV RNA negative, LFTs abnormal",
                  "LIFE": "Rate for LFTs",
                  "WP": "Decline",
                  "ADB": "Decline",
                  "LTC": "Decline"
                },
                {
                  "Time Since Diagnosis": "Unknown/Unavailable serology, LFTs normal",
                  "LIFE": "Std",
                  "WP": "Std",
                  "ADB": "Std",
                  "LTC": "Std"
                },
                {
                  "Time Since Diagnosis": "Unknown/Unavailable serology, LFTs abnormal",
                  "LIFE": "Rate as Chronic HCV",
                  "WP": "Rate as Chronic HCV",
                  "ADB": "Rate as Chronic HCV",
                  "LTC": "Rate as Chronic HCV"
                }
              ],
              "notes": []
            }
          }
        ]
      ]
    },
    {
      "step_id": 2,
      "description": "Determine the underwriting ratings for chronic infection without biopsy or treatment based on LFTs and HCV RNA status.",
      "segment_ids": [
        2
      ],
      "text_from_manual": [
        [
          {
            "table": {
              "title": "Chronic Infection (Without Biopsy, Untreated)",
              "columns": [
                "LFTs / HCV RNA Status",
                "LIFE",
                "WP",
                "ADB",
                "LTC"
              ],
              "rows": [
                {
                  "LFTs / HCV RNA Status": "LFTs currently normal",
                  "LIFE": "+50",
                  "WP": "+75",
                  "ADB": "+75",
                  "LTC": "+75"
                },
                {
                  "LFTs / HCV RNA Status": "LFTs normal >3 years",
                  "LIFE": "Std",
                  "WP": "Std",
                  "ADB": "Std",
                  "LTC": "Std"
                },
                {
                  "LFTs / HCV RNA Status": "Mild LFT elevation (ALT/AST <1.5x ULN)",
                  "LIFE": "+100",
                  "WP": "+125",
                  "ADB": "+100",
                  "LTC": "+100"
                },
                {
                  "LFTs / HCV RNA Status": "Moderate LFT elevation (ALT/AST 1.5\u00e2\u20ac\u201c3x ULN), HCV RNA <800,000",
                  "LIFE": "+150",
                  "WP": "+175",
                  "ADB": "+125",
                  "LTC": "+125"
                },
                {
                  "LFTs / HCV RNA Status": "Moderate LFT elevation, HCV RNA >800,000",
                  "LIFE": "+200",
                  "WP": "+200",
                  "ADB": "+150",
                  "LTC": "+150"
                },
                {
                  "LFTs / HCV RNA Status": "Outside above",
                  "LIFE": "IC",
                  "WP": "IC",
                  "ADB": "IC",
                  "LTC": "IC"
                }
              ],
              "notes": []
            }
          }
        ]
      ]
    },
    {
      "step_id": 3,
      "description": "Assess the underwriting ratings for chronic infection with biopsy or elastography findings, considering LFTs and HCV RNA status.",
      "segment_ids": [
        3
      ],
      "text_from_manual": [
        [
          {
            "table": {
              "title": "Chronic Infection (With Biopsy/Elastography, Untreated)",
              "columns": [
                "Biopsy/Elastography Findings / LFTs / HCV RNA",
                "LIFE",
                "WP",
                "ADB",
                "LTC"
              ],
              "rows": [
                {
                  "Biopsy/Elastography Findings / LFTs / HCV RNA": "Normal/mild inflammation/fibrosis, LFTs normal",
                  "LIFE": "Std",
                  "WP": "Std",
                  "ADB": "Std",
                  "LTC": "Std"
                },
                {
                  "Biopsy/Elastography Findings / LFTs / HCV RNA": "Mild LFT elevation (ALT/AST <1.5x ULN)",
                  "LIFE": "+75",
                  "WP": "+100",
                  "ADB": "+75",
                  "LTC": "+75"
                },
                {
                  "Biopsy/Elastography Findings / LFTs / HCV RNA": "Moderate inflammation/fibrosis, LFTs normal",
                  "LIFE": "+125",
                  "WP": "+150",
                  "ADB": "+100",
                  "LTC": "+100"
                },
                {
                  "Biopsy/Elastography Findings / LFTs / HCV RNA": "Moderate LFT elevation (ALT/AST <1.5x ULN), HCV RNA <800,000",
                  "LIFE": "+125",
                  "WP": "+150",
                  "ADB": "+100",
                  "LTC": "+100"
                },
                {
                  "Biopsy/Elastography Findings / LFTs / HCV RNA": "Moderate LFT elevation, HCV RNA >800,000",
                  "LIFE": "+175",
                  "WP": "+175",
                  "ADB": "+125",
                  "LTC": "+125"
                },
                {
                  "Biopsy/Elastography Findings / LFTs / HCV RNA": "Severe inflammation/fibrosis",
                  "LIFE": "Decline",
                  "WP": "Decline",
                  "ADB": "Decline",
                  "LTC": "Decline"
                },
                {
                  "Biopsy/Elastography Findings / LFTs / HCV RNA": "Outside above",
                  "LIFE": "IC",
                  "WP": "IC",
                  "ADB": "IC",
                  "LTC": "IC"
                }
              ],
              "notes": []
            }
          }
        ]
      ]
    },
    {
      "step_id": 4,
      "description": "Determine the underwriting ratings for chronic infection that has been treated, considering treatment status, labs, and sustained virologic response (SVR).",
      "segment_ids": [
        4
      ],
      "text_from_manual": [
        [
          {
            "table": {
              "title": "Chronic Infection (Treated, With or Without Biopsy)",
              "columns": [
                "Treatment Status / Labs",
                "LIFE",
                "WP",
                "ADB",
                "LTC"
              ],
              "rows": [
                {
                  "Treatment Status / Labs": "<1 year post-treatment",
                  "LIFE": "Rate as Chronic, Untreated",
                  "WP": "",
                  "ADB": "",
                  "LTC": ""
                },
                {
                  "Treatment Status / Labs": ">1 year, HCV RNA negative, LFTs normal",
                  "LIFE": "Credit -50 from untreated rating",
                  "WP": "",
                  "ADB": "",
                  "LTC": ""
                },
                {
                  "Treatment Status / Labs": ">1 year post-treatment, SVR (sustained virologic response), LFTs normal",
                  "LIFE": "Credit -75 from untreated rating",
                  "WP": "",
                  "ADB": "",
                  "LTC": ""
                },
                {
                  "Treatment Status / Labs": "Others/Relapse",
                  "LIFE": "IC",
                  "WP": "IC",
                  "ADB": "IC",
                  "LTC": "IC"
                }
              ],
              "notes": []
            }
          }
        ]
      ]
    },
    {
      "step_id": 5,
      "description": "Summarize WP, ADB, and LTC ratings based on the condition or status of the impairment.",
      "segment_ids": [
        5
      ],
      "text_from_manual": [
        [
          {
            "table": {
              "title": "WP, ADB, LTC (Summary Table)",
              "columns": [
                "Condition / Status",
                "WP",
                "ADB",
                "LTC"
              ],
              "rows": [
                {
                  "Condition / Status": "Acute Infection",
                  "WP": "See Acute Infection Table Above",
                  "ADB": "",
                  "LTC": ""
                },
                {
                  "Condition / Status": "Chronic, no/short treatment",
                  "WP": "Decline",
                  "ADB": "Decline",
                  "LTC": "Decline"
                },
                {
                  "Condition / Status": "HCV RNA negative/SVR",
                  "WP": "Std",
                  "ADB": "Std",
                  "LTC": "LIFE Rating"
                },
                {
                  "Condition / Status": "On long-term maintenance (>1 yr)",
                  "WP": "IC",
                  "ADB": "IC",
                  "LTC": "IC/Decline"
                }
              ],
              "notes": []
            }
          }
        ]
      ]
    }
  ]
}