{
  "manual_section": "Hodgkin's Lymphoma",
  "steps": [
    {
      "step_id": 0,
      "description": "Determine the stage of Hodgkin's Lymphoma using the classification criteria based on lymph node involvement and systemic symptoms.",
      "segment_ids": [],
      "text_from_manual": [
        [
          {
            "table": {
              "title": "Classification of Severity",
              "columns": [
                "Stage",
                "Description"
              ],
              "rows": [
                {
                  "Stage": "I",
                  "Description": "Involvement of a single lymph node region or single extralymphatic site"
                },
                {
                  "Stage": "II",
                  "Description": "Involvement of two or more lymph node regions on the same side of diaphragm"
                },
                {
                  "Stage": "III",
                  "Description": "Involvement of lymph node regions on both sides of diaphragm"
                },
                {
                  "Stage": "IV",
                  "Description": "Disseminated involvement of one or more extralymphatic organs"
                }
              ],
              "notes": [
                "A: No systemic symptoms",
                "B: Presence of systemic symptoms (fever, night sweats, weight loss)"
              ]
            }
          }
        ]
      ]
    },
    {
      "step_id": 1,
      "description": "Determine the underwriting rating based on the stage of Hodgkin's Lymphoma, age, and remission status, including individual consideration for cases with no recurrence and no significant complications after 10 years.",
      "segment_ids": [
        1
      ],
      "text_from_manual": [
        [
          {
            "table": {
              "title": "Hodgkin's Lymphoma \u00e2\u20ac\u201c Single Episode, Complete Remission, No Recurrence (Synthetic, Revised)",
              "columns": [
                "Stage",
                "Age 15\u00e2\u20ac\u201c44",
                "Age 45\u00e2\u20ac\u201c64",
                "Age 65+"
              ],
              "rows": [
                {
                  "Stage": "Stage IA",
                  "Age 15\u00e2\u20ac\u201c44": "+60",
                  "Age 45\u00e2\u20ac\u201c64": "+60",
                  "Age 65+": "+80 (IC)"
                },
                {
                  "Stage": "Stage IB",
                  "Age 15\u00e2\u20ac\u201c44": "+90",
                  "Age 45\u00e2\u20ac\u201c64": "+90",
                  "Age 65+": "+110 (IC)"
                },
                {
                  "Stage": "Stage IIA",
                  "Age 15\u00e2\u20ac\u201c44": "+70",
                  "Age 45\u00e2\u20ac\u201c64": "+70",
                  "Age 65+": "+120 (IC)"
                },
                {
                  "Stage": "Stage IIB",
                  "Age 15\u00e2\u20ac\u201c44": "+110",
                  "Age 45\u00e2\u20ac\u201c64": "+110",
                  "Age 65+": "IC"
                },
                {
                  "Stage": "Stage IIIA",
                  "Age 15\u00e2\u20ac\u201c44": "+90",
                  "Age 45\u00e2\u20ac\u201c64": "+90",
                  "Age 65+": "Decline"
                },
                {
                  "Stage": "Stage IIIB",
                  "Age 15\u00e2\u20ac\u201c44": "+130",
                  "Age 45\u00e2\u20ac\u201c64": "+130",
                  "Age 65+": "Decline"
                },
                {
                  "Stage": "Stage IVA",
                  "Age 15\u00e2\u20ac\u201c44": "+140 (IC)",
                  "Age 45\u00e2\u20ac\u201c64": "IC",
                  "Age 65+": "Decline"
                },
                {
                  "Stage": "Stage IVB",
                  "Age 15\u00e2\u20ac\u201c44": "Decline",
                  "Age 45\u00e2\u20ac\u201c64": "Decline",
                  "Age 65+": "Decline"
                }
              ],
              "notes": [
                "*IC = Individual Consideration.",
                "If 10 years post-treatment, no recurrence, and no significant complications, consider IC for possible offer if previously declined."
              ]
            }
          }
        ]
      ]
    },
    {
      "step_id": 2,
      "description": "Assess the eligibility and rating requirements for Waiver of Premium (WP) and Accidental Death Benefit (ADB) riders based on tumor rating classes.",
      "segment_ids": [
        2
      ],
      "text_from_manual": [
        [
          {
            "table": {
              "title": "Waiver of Premium (WP) and Accidental Death Benefit (ADB)",
              "columns": [
                "Rider",
                "Rating/Requirement"
              ],
              "rows": [
                {
                  "Rider": "WP",
                  "Rating/Requirement": "See Tumor Rating Classes"
                },
                {
                  "Rider": "ADB",
                  "Rating/Requirement": "See Tumor Rating Classes"
                }
              ],
              "notes": []
            }
          }
        ]
      ]
    },
    {
      "step_id": 3,
      "description": "Determine the eligibility for Long-Term Care (LTC) rider, which is declined for all cases.",
      "segment_ids": [
        3
      ],
      "text_from_manual": [
        [
          {
            "table": {
              "title": "Long-Term Care (LTC)",
              "columns": [
                "Rider",
                "Rating/Requirement"
              ],
              "rows": [
                {
                  "Rider": "LTC",
                  "Rating/Requirement": "Decline all"
                }
              ],
              "notes": []
            }
          }
        ]
      ]
    }
  ]
}