{
  "manual_section": "Iron Deficiency Anemia",
  "steps": [
    {
      "step_id": 0,
      "description": "Determine the severity of Iron Deficiency Anemia using hemoglobin levels and associated symptoms/findings.",
      "segment_ids": [],
      "text_from_manual": [
        [
          {
            "table": {
              "title": "Classification of Severity",
              "columns": [
                "Severity Level",
                "Hemoglobin (g/dL)",
                "Symptoms/Findings"
              ],
              "rows": [
                {
                  "Severity Level": "Mild",
                  "Hemoglobin (g/dL)": "10\u00e2\u20ac\u201c12 (women), 10\u00e2\u20ac\u201c13 (men)",
                  "Symptoms/Findings": "Often asymptomatic or mild symptoms"
                },
                {
                  "Severity Level": "Moderate",
                  "Hemoglobin (g/dL)": "8\u00e2\u20ac\u201c10",
                  "Symptoms/Findings": "Moderate symptoms, reduced exercise tolerance"
                },
                {
                  "Severity Level": "Severe",
                  "Hemoglobin (g/dL)": "<8",
                  "Symptoms/Findings": "Marked symptoms, possible cardiac strain"
                }
              ]
            }
          }
        ]
      ]
    },
    {
      "step_id": 1,
      "description": "Evaluate the category (pre-menopausal women or post-menopausal women/males), subcategory, and hemoglobin levels to determine the appropriate underwriting ratings for Life, WP, ADB, and LTC.",
      "segment_ids": [
        1
      ],
      "text_from_manual": [
        [
          {
            "table": {
              "title": "Iron Deficiency Anemia \u00e2\u20ac\u201c Synthetic Data (Revised, Realistic Table)",
              "columns": [
                "Category",
                "Subcategory",
                "Hemoglobin (g/dL)",
                "Life",
                "WP",
                "ADB",
                "LTC"
              ],
              "rows": [
                {
                  "Category": "PRE-MENOPAUSAL WOMEN",
                  "Subcategory": "Known menstrual loss/pregnancy/lactation",
                  "Hemoglobin (g/dL)": ">10",
                  "Life": "Std",
                  "WP": "Std",
                  "ADB": "Std",
                  "LTC": "Std"
                },
                {
                  "Category": "PRE-MENOPAUSAL WOMEN",
                  "Subcategory": "Known menstrual loss/pregnancy/lactation",
                  "Hemoglobin (g/dL)": "8\u00e2\u20ac\u201c10",
                  "Life": "+25",
                  "WP": "Std",
                  "ADB": "Std",
                  "LTC": "Decline"
                },
                {
                  "Category": "PRE-MENOPAUSAL WOMEN",
                  "Subcategory": "Known menstrual loss/pregnancy/lactation",
                  "Hemoglobin (g/dL)": "<8",
                  "Life": "Postpone",
                  "WP": "Postpone",
                  "ADB": "Postpone",
                  "LTC": "Decline"
                },
                {
                  "Category": "PRE-MENOPAUSAL WOMEN",
                  "Subcategory": "Cause unknown, no other disorder",
                  "Hemoglobin (g/dL)": ">10",
                  "Life": "Std",
                  "WP": "Std",
                  "ADB": "Std",
                  "LTC": "Std"
                },
                {
                  "Category": "PRE-MENOPAUSAL WOMEN",
                  "Subcategory": "Cause unknown, no other disorder",
                  "Hemoglobin (g/dL)": "<10",
                  "Life": "IC",
                  "WP": "IC",
                  "ADB": "IC",
                  "LTC": "Decline"
                },
                {
                  "Category": "POST-MENOPAUSAL WOMEN/MALES",
                  "Subcategory": "Known cause",
                  "Hemoglobin (g/dL)": ">10",
                  "Life": "RFC",
                  "WP": "RFC",
                  "ADB": "RFC",
                  "LTC": "RFC"
                },
                {
                  "Category": "POST-MENOPAUSAL WOMEN/MALES",
                  "Subcategory": "Known cause",
                  "Hemoglobin (g/dL)": "8\u00e2\u20ac\u201c10",
                  "Life": "+50",
                  "WP": "Decline",
                  "ADB": "Decline",
                  "LTC": "Decline"
                },
                {
                  "Category": "POST-MENOPAUSAL WOMEN/MALES",
                  "Subcategory": "Known cause",
                  "Hemoglobin (g/dL)": "<8",
                  "Life": "Postpone",
                  "WP": "Postpone",
                  "ADB": "Postpone",
                  "LTC": "Decline"
                },
                {
                  "Category": "POST-MENOPAUSAL WOMEN/MALES",
                  "Subcategory": "Cause unknown, evidence of GI bleeding",
                  "Hemoglobin (g/dL)": "\u00e2\u2030\u00a510",
                  "Life": "Postpone",
                  "WP": "Postpone",
                  "ADB": "Postpone",
                  "LTC": "Decline"
                },
                {
                  "Category": "POST-MENOPAUSAL WOMEN/MALES",
                  "Subcategory": "Cause unknown, evidence of GI bleeding",
                  "Hemoglobin (g/dL)": "<10",
                  "Life": "Decline",
                  "WP": "Decline",
                  "ADB": "Decline",
                  "LTC": "Decline"
                },
                {
                  "Category": "POST-MENOPAUSAL WOMEN/MALES",
                  "Subcategory": "Benign upper/lower GI work-up",
                  "Hemoglobin (g/dL)": "Any",
                  "Life": "Std",
                  "WP": "Std",
                  "ADB": "Std",
                  "LTC": "IC"
                },
                {
                  "Category": "POST-MENOPAUSAL WOMEN/MALES",
                  "Subcategory": "Incomplete work-up, Hgb <10",
                  "Hemoglobin (g/dL)": "<10",
                  "Life": "IC",
                  "WP": "IC",
                  "ADB": "IC",
                  "LTC": "IC"
                },
                {
                  "Category": "POST-MENOPAUSAL WOMEN/MALES",
                  "Subcategory": "Other unknown cause",
                  "Hemoglobin (g/dL)": "Any",
                  "Life": "IC",
                  "WP": "IC",
                  "ADB": "IC",
                  "LTC": "IC"
                }
              ],
              "notes": [
                "*IC = Individual Consideration",
                "RFC = Rate for Cause",
                "Std = Standard rates*"
              ]
            }
          }
        ]
      ]
    }
  ]
}