{
  "manual_section": "Osteoarthritis",
  "steps": [
    {
      "step_id": 0,
      "description": "Determine the severity of osteoarthritis using the classification criteria based on symptoms, joint function, functional status, surgery history, and therapy use.",
      "segment_ids": [],
      "text_from_manual": [
        [
          {
            "table": {
              "title": "Classification of Severity",
              "columns": [
                "Severity",
                "Symptoms/Medications",
                "Joint Function",
                "Functional Status",
                "Surgery History",
                "Therapy Use"
              ],
              "rows": [
                {
                  "Severity": "Mild",
                  "Symptoms/Medications": "Occasional pain, uses acetaminophen or NSAIDs as needed",
                  "Joint Function": "Full range of motion, no deformity",
                  "Functional Status": "No activity limitation",
                  "Surgery History": "None or 1 minor procedure",
                  "Therapy Use": "Occasional PT/OT, not recent"
                },
                {
                  "Severity": "Moderate",
                  "Symptoms/Medications": "Frequent pain, regular NSAIDs or topical agents",
                  "Joint Function": "Some loss of motion, mild deformity",
                  "Functional Status": "Occasional limitation, may miss work",
                  "Surgery History": "1-2 joint surgeries",
                  "Therapy Use": "PT/OT within past 6 months"
                },
                {
                  "Severity": "Severe",
                  "Symptoms/Medications": "Daily pain, requires opioids or regular steroid injections",
                  "Joint Function": "Significant loss of motion, visible deformity",
                  "Functional Status": "Persistent limitation, uses cane/walker, periods of disability",
                  "Surgery History": ">2 surgeries or joint replacement",
                  "Therapy Use": "Ongoing PT/OT or recent hospitalization"
                }
              ]
            }
          }
        ]
      ]
    },
    {
      "step_id": 1,
      "description": "Determine LIFE, WP, ADB, and LTC ratings based on the severity of osteoarthritis.",
      "segment_ids": [
        1
      ],
      "text_from_manual": [
        [
          {
            "table": {
              "title": "Osteoarthritis Rating Table (Synthetic, Near-Original Values)",
              "columns": [
                "Severity",
                "LIFE",
                "WP",
                "ADB",
                "LTC"
              ],
              "rows": [
                {
                  "Severity": "Mild",
                  "LIFE": "+0",
                  "WP": "+0",
                  "ADB": "+0",
                  "LTC": "+0"
                },
                {
                  "Severity": "Moderate (non-weight bearing joint)",
                  "LIFE": "+30",
                  "WP": "+0",
                  "ADB": "+0",
                  "LTC": "+35"
                },
                {
                  "Severity": "Moderate (weight bearing joint)",
                  "LIFE": "+60",
                  "WP": "+60",
                  "ADB": "+60",
                  "LTC": "+85"
                },
                {
                  "Severity": "Severe",
                  "LIFE": "+110",
                  "WP": "Decline",
                  "ADB": "Decline",
                  "LTC": "Decline"
                }
              ],
              "notes": [
                "**+0** = Standard rate",
                "**+30, +35, +60, +85, +110** = Extra mortality loading (basis points, synthetic and near to original)",
                "**Decline** = Application not accepted"
              ]
            }
          }
        ]
      ]
    }
  ]
}