{
  "manual_section": "Stroke, Ischemic and TIA",
  "steps": [
    {
      "step_id": 0,
      "description": "Determine the severity of stroke or TIA using the Modified Rankin Scale (mRS) and other criteria such as symptoms, cognitive status, motor deficit, and imaging findings.",
      "segment_ids": [],
      "text_from_manual": [
        [
          {
            "table": {
              "title": "Classification of Severity",
              "columns": [
                "Severity",
                "Symptoms/Findings"
              ],
              "rows": [
                {
                  "Severity": "Minimal",
                  "Symptoms/Findings": "TIA or mini-stroke, symptoms resolved within 24 hours, mRS 0, no deficits"
                },
                {
                  "Severity": "Mild",
                  "Symptoms/Findings": "Mild stroke, symptoms resolved within 6 months, mRS 1-2, no significant deficits"
                },
                {
                  "Severity": "Moderate",
                  "Symptoms/Findings": "Moderate stroke, symptoms may persist 6-12 months, mRS 3, mild-moderate deficits"
                },
                {
                  "Severity": "Severe",
                  "Symptoms/Findings": "Severe stroke, permanent symptoms, mRS 4-5, significant disability"
                }
              ]
            }
          }
        ]
      ]
    },
    {
      "step_id": 1,
      "description": "Classify the severity of TIA or stroke based on symptoms, cognitive status, motor deficit, and other criteria.",
      "segment_ids": [
        1
      ],
      "text_from_manual": [
        [
          {
            "table": {
              "title": "TIA and Stroke Severity Classification",
              "columns": [
                "Criteria",
                "Minimal",
                "Mild",
                "Moderate",
                "Severe"
              ],
              "rows": [
                {
                  "Criteria": "Symptoms",
                  "Minimal": "Resolved <24h",
                  "Mild": "Resolved <6 months",
                  "Moderate": "May persist 6-12 months",
                  "Severe": "Permanent"
                },
                {
                  "Criteria": "Defined by attending as",
                  "Minimal": "TIA or Mini Stroke",
                  "Mild": "Mild Stroke",
                  "Moderate": "Moderate Stroke",
                  "Severe": "Severe Stroke"
                },
                {
                  "Criteria": "Modified Rankin Scale",
                  "Minimal": "0",
                  "Mild": "1-2",
                  "Moderate": "3",
                  "Severe": "4-5"
                },
                {
                  "Criteria": "Cognitive Status",
                  "Minimal": "Normal",
                  "Mild": "Normal",
                  "Moderate": "Normal/almost normal",
                  "Severe": "May be impaired"
                },
                {
                  "Criteria": "Instrumental Activities of Daily Living (IADL)",
                  "Minimal": "Able to carry on",
                  "Mild": "Able to carry on",
                  "Moderate": "May need minimal assist",
                  "Severe": "Requires assistance"
                },
                {
                  "Criteria": "Basic Activities of Daily Living (ADL)",
                  "Minimal": "Able to carry on",
                  "Mild": "Able to carry on",
                  "Moderate": "May need minimal assist",
                  "Severe": "Requires assistance"
                },
                {
                  "Criteria": "Motor Deficit",
                  "Minimal": "None",
                  "Mild": "None",
                  "Moderate": "Fully mobile, may use cane",
                  "Severe": "Unable to walk unassisted"
                },
                {
                  "Criteria": "MRI/CT scan",
                  "Minimal": "Normal",
                  "Mild": "Normal/minimal ischemia",
                  "Moderate": "Visible ischemia/infarct",
                  "Severe": "Visible ischemia/infarct"
                }
              ],
              "notes": []
            }
          }
        ]
      ]
    },
    {
      "step_id": 2,
      "description": "Determine the rating for TIA or stroke based on age at application and time since the last event.",
      "segment_ids": [
        2
      ],
      "text_from_manual": [
        [
          {
            "table": {
              "title": "TIA and Stroke Rating Table (Synthetic Data)",
              "columns": [
                "Age at Application",
                "Time Since Last Event",
                "Minimal (TIA)",
                "Mild Stroke",
                "Moderate Stroke",
                "Severe Stroke"
              ],
              "rows": [
                {
                  "Age at Application": "<50",
                  "Time Since Last Event": "0-6 months",
                  "Minimal (TIA)": "Postpone",
                  "Mild Stroke": "Postpone",
                  "Moderate Stroke": "Postpone",
                  "Severe Stroke": "Decline"
                },
                {
                  "Age at Application": "<50",
                  "Time Since Last Event": "6-12 months",
                  "Minimal (TIA)": "+140",
                  "Mild Stroke": "+260",
                  "Moderate Stroke": "Postpone",
                  "Severe Stroke": "Decline"
                },
                {
                  "Age at Application": "<50",
                  "Time Since Last Event": "1-3 years",
                  "Minimal (TIA)": "+90",
                  "Mild Stroke": "+210",
                  "Moderate Stroke": "+270",
                  "Severe Stroke": "Decline"
                },
                {
                  "Age at Application": "<50",
                  "Time Since Last Event": ">3 years",
                  "Minimal (TIA)": "+60",
                  "Mild Stroke": "+160",
                  "Moderate Stroke": "+210",
                  "Severe Stroke": "Decline"
                },
                {
                  "Age at Application": "50-59",
                  "Time Since Last Event": "0-6 months",
                  "Minimal (TIA)": "Postpone",
                  "Mild Stroke": "Postpone",
                  "Moderate Stroke": "Postpone",
                  "Severe Stroke": "Decline"
                },
                {
                  "Age at Application": "50-59",
                  "Time Since Last Event": "6-12 months",
                  "Minimal (TIA)": "+110",
                  "Mild Stroke": "+170",
                  "Moderate Stroke": "+220",
                  "Severe Stroke": "Decline"
                },
                {
                  "Age at Application": "50-59",
                  "Time Since Last Event": "1-3 years",
                  "Minimal (TIA)": "+80",
                  "Mild Stroke": "+120",
                  "Moderate Stroke": "+170",
                  "Severe Stroke": "Decline"
                },
                {
                  "Age at Application": "50-59",
                  "Time Since Last Event": ">3 years",
                  "Minimal (TIA)": "+60",
                  "Mild Stroke": "+110",
                  "Moderate Stroke": "+160",
                  "Severe Stroke": "Decline"
                },
                {
                  "Age at Application": "60-74",
                  "Time Since Last Event": "0-6 months",
                  "Minimal (TIA)": "Postpone",
                  "Mild Stroke": "Postpone",
                  "Moderate Stroke": "Postpone",
                  "Severe Stroke": "Decline"
                },
                {
                  "Age at Application": "60-74",
                  "Time Since Last Event": "6-12 months",
                  "Minimal (TIA)": "+70",
                  "Mild Stroke": "+110",
                  "Moderate Stroke": "+160",
                  "Severe Stroke": "Decline"
                },
                {
                  "Age at Application": "60-74",
                  "Time Since Last Event": "1-3 years",
                  "Minimal (TIA)": "+50",
                  "Mild Stroke": "+80",
                  "Moderate Stroke": "+120",
                  "Severe Stroke": "Decline"
                },
                {
                  "Age at Application": "60-74",
                  "Time Since Last Event": ">3 years",
                  "Minimal (TIA)": "+0 to +40",
                  "Mild Stroke": "+70",
                  "Moderate Stroke": "+110",
                  "Severe Stroke": "Decline"
                },
                {
                  "Age at Application": "\u226575",
                  "Time Since Last Event": "0-6 months",
                  "Minimal (TIA)": "Postpone",
                  "Mild Stroke": "Postpone",
                  "Moderate Stroke": "Postpone",
                  "Severe Stroke": "Decline"
                },
                {
                  "Age at Application": "\u226575",
                  "Time Since Last Event": "6-12 months",
                  "Minimal (TIA)": "+40",
                  "Mild Stroke": "+60",
                  "Moderate Stroke": "+110",
                  "Severe Stroke": "Decline"
                },
                {
                  "Age at Application": "\u226575",
                  "Time Since Last Event": "1-3 years",
                  "Minimal (TIA)": "+0 to +40",
                  "Mild Stroke": "+50",
                  "Moderate Stroke": "+100",
                  "Severe Stroke": "Decline"
                },
                {
                  "Age at Application": "\u226575",
                  "Time Since Last Event": ">3 years",
                  "Minimal (TIA)": "+0",
                  "Mild Stroke": "+0 to +40",
                  "Moderate Stroke": "+60",
                  "Severe Stroke": "Decline"
                }
              ],
              "notes": []
            }
          }
        ]
      ]
    },
    {
      "step_id": 3,
      "description": "Evaluate the impact of smoking status on underwriting ratings based on age and smoking habits.",
      "segment_ids": [
        3
      ],
      "text_from_manual": [
        [
          {
            "table": {
              "title": "Smoking Debit Table (Synthetic Data)",
              "columns": [
                "Smoking Status",
                "<49",
                "50-69",
                "70-79",
                "\u226580"
              ],
              "rows": [
                {
                  "Smoking Status": "<1 pack/day",
                  "<49": "Decline",
                  "50-69": "+60 to +110",
                  "70-79": "+35 to +60",
                  "\u226580": "+0 to +35"
                },
                {
                  "Smoking Status": ">1 pack/day",
                  "<49": "Decline",
                  "50-69": "Decline",
                  "70-79": "Decline",
                  "\u226580": "Decline"
                },
                {
                  "Smoking Status": "Occasional cigar",
                  "<49": "+0",
                  "50-69": "+0",
                  "70-79": "+0",
                  "\u226580": "+0"
                },
                {
                  "Smoking Status": "Daily cigar",
                  "<49": "Rate as cigarettes, <1 pack/day",
                  "50-69": "",
                  "70-79": "",
                  "\u226580": ""
                }
              ],
              "notes": []
            }
          }
        ]
      ]
    },
    {
      "step_id": 4,
      "description": "Apply basic credits for applicants over 50 years old based on health criteria such as BP/lipids, stress test results, disease progression, and lifestyle factors.",
      "segment_ids": [
        4
      ],
      "text_from_manual": [
        [
          {
            "table": {
              "title": "Basic Credits (Synthetic Data, Age >50)",
              "columns": [
                "Criteria",
                "Credit"
              ],
              "rows": [
                {
                  "Criteria": "BP/Lipids within range for 2 years",
                  "Credit": "-20"
                },
                {
                  "Criteria": "Negative exercise stress test (see criteria)",
                  "Credit": "-30 (if rating \u2264+110), -55 (if rating >+110)"
                },
                {
                  "Criteria": "No evidence of disease progression (carotid US/MRI, 2 years)",
                  "Credit": "-30"
                },
                {
                  "Criteria": "Pro-BNP test normal (last 12 months)",
                  "Credit": "-15"
                },
                {
                  "Criteria": "Use of 2+ protective medications (ASA, beta-blocker, statin)",
                  "Credit": "-15"
                },
                {
                  "Criteria": "Meets 4+ healthy lifestyle criteria (see list)",
                  "Credit": "-20"
                }
              ],
              "notes": []
            }
          }
        ]
      ]
    },
    {
      "step_id": 5,
      "description": "Determine WP and ADB ratings based on the life rating.",
      "segment_ids": [
        5
      ],
      "text_from_manual": [
        [
          {
            "table": {
              "title": "WP and ADB (Synthetic Data)",
              "columns": [
                "Life Rating",
                "WP",
                "ADB"
              ],
              "rows": [
                {
                  "Life Rating": "+0",
                  "WP": "+0",
                  "ADB": "+0"
                },
                {
                  "Life Rating": "+30 to +60",
                  "WP": "Decline",
                  "ADB": "1.5x"
                },
                {
                  "Life Rating": "+80 to +110",
                  "WP": "Decline",
                  "ADB": "2x"
                },
                {
                  "Life Rating": ">+110",
                  "WP": "Decline",
                  "ADB": "Decline"
                }
              ],
              "notes": []
            }
          }
        ]
      ]
    },
    {
      "step_id": 6,
      "description": "Assess LTC ratings based on the condition, including stroke, TIA, and other related impairments.",
      "segment_ids": [
        6
      ],
      "text_from_manual": [
        [
          {
            "table": {
              "title": "LTC (Synthetic Data)",
              "columns": [
                "Condition",
                "LTC Rating"
              ],
              "rows": [
                {
                  "Condition": "Stroke",
                  "LTC Rating": "Decline"
                },
                {
                  "Condition": "TGA, Migraine equivalent, or TIA (single, no residuals, >2yr)",
                  "LTC Rating": "+60"
                },
                {
                  "Condition": "TGA, Migraine equivalent, or TIA (single, no residuals, <2yr)",
                  "LTC Rating": "Decline"
                },
                {
                  "Condition": "DM, smoker, CAD, chronic AF, retinal artery occlusion, white matter changes",
                  "LTC Rating": "Decline"
                },
                {
                  "Condition": "More than one TIA",
                  "LTC Rating": "Decline"
                }
              ],
              "notes": []
            }
          }
        ]
      ]
    }
  ]
}