{
  "manual_section": "Ulcerative Collitis",
  "steps": [
    {
      "step_id": 0,
      "description": "Determine the severity of ulcerative colitis using the classification criteria based on clinical, laboratory, and endoscopic findings.",
      "segment_ids": [],
      "text_from_manual": [
        [
          {
            "table": {
              "title": "Classification of Severity",
              "columns": [
                "Severity",
                "Clinical Features (Synthetic Data)"
              ],
              "rows": [
                {
                  "Severity": "Mild",
                  "Clinical Features (Synthetic Data)": "<4 stools/day, mild bleeding, no systemic symptoms, normal ESR/CRP"
                },
                {
                  "Severity": "Moderate",
                  "Clinical Features (Synthetic Data)": "4\u00e2\u20ac\u201c6 stools/day, moderate bleeding, mild systemic symptoms, mild anemia"
                },
                {
                  "Severity": "Severe",
                  "Clinical Features (Synthetic Data)": ">6 stools/day, severe bleeding, fever, tachycardia, anemia, elevated ESR/CRP"
                },
                {
                  "Severity": "Fulminant",
                  "Clinical Features (Synthetic Data)": ">10 stools/day, continuous bleeding, toxicity, need for hospitalization"
                }
              ]
            }
          }
        ]
      ]
    },
    {
      "step_id": 1,
      "description": "Assess the severity of ulcerative colitis based on extent/location, symptoms, stools/day, weight loss, flares, hospitalization, and assign a rating.",
      "segment_ids": [
        1
      ],
      "text_from_manual": [
        [
          {
            "table": {
              "title": "Ulcerative Colitis Severity and Underwriting Rating Table",
              "columns": [
                "Severity",
                "Extent/Location",
                "Symptoms",
                "Stools/Day",
                "Weight Loss",
                "Flares",
                "Hospitalization",
                "Rating"
              ],
              "rows": [
                {
                  "Severity": "Mild",
                  "Extent/Location": "Rectum/sigmoid, descending colon",
                  "Symptoms": "None or minimal pain/bleeding",
                  "Stools/Day": "<5",
                  "Weight Loss": "None",
                  "Flares": "Infrequent",
                  "Hospitalization": "None",
                  "Rating": "+0 to +50"
                },
                {
                  "Severity": "Moderate",
                  "Extent/Location": "1/3\u20131/2 transverse colon",
                  "Symptoms": "Occasional pain/bleeding",
                  "Stools/Day": ">5",
                  "Weight Loss": "5\u201310%",
                  "Flares": "\u22644/year",
                  "Hospitalization": "Occasional",
                  "Rating": "+75 to +100"
                },
                {
                  "Severity": "Severe",
                  "Extent/Location": "Pancolitis",
                  "Symptoms": "Frequent pain/bleeding",
                  "Stools/Day": "Profuse, liquid",
                  "Weight Loss": "10\u201320%",
                  "Flares": "Continuous",
                  "Hospitalization": "Frequent",
                  "Rating": "+150 or Decline"
                },
                {
                  "Severity": "Fulminant",
                  "Extent/Location": "Pancolitis with severe complications",
                  "Symptoms": "Severe pain/bleeding",
                  "Stools/Day": "Profuse, liquid, dehydration",
                  "Weight Loss": ">20%",
                  "Flares": "Deteriorating",
                  "Hospitalization": "Current/pending surgery",
                  "Rating": "Decline"
                }
              ],
              "notes": []
            }
          }
        ]
      ]
    },
    {
      "step_id": 2,
      "description": "Consider additional rating factors based on the current age and time since the last attack to refine the underwriting rating.",
      "segment_ids": [
        2
      ],
      "text_from_manual": [
        [
          {
            "table": {
              "title": "Additional Rating Considerations by Age and Time Since Last Attack",
              "columns": [
                "Current Age",
                "Last Attack 0\u201312 mo",
                "Last Attack 12\u201324 mo",
                "Last Attack 2\u20135 yrs",
                "Last Attack >5 yrs"
              ],
              "rows": [
                {
                  "Current Age": "<20",
                  "Last Attack 0\u201312 mo": "IC/Postpone",
                  "Last Attack 12\u201324 mo": "+100",
                  "Last Attack 2\u20135 yrs": "+75",
                  "Last Attack >5 yrs": "+50"
                },
                {
                  "Current Age": "20\u201345",
                  "Last Attack 0\u201312 mo": "+75 to +150",
                  "Last Attack 12\u201324 mo": "+50 to +125",
                  "Last Attack 2\u20135 yrs": "+50 to +100",
                  "Last Attack >5 yrs": "Standard to +50"
                },
                {
                  "Current Age": ">45",
                  "Last Attack 0\u201312 mo": "+50 to +100",
                  "Last Attack 12\u201324 mo": "Standard to +75",
                  "Last Attack 2\u20135 yrs": "Standard to +50",
                  "Last Attack >5 yrs": "+0"
                }
              ],
              "notes": []
            }
          }
        ]
      ]
    },
    {
      "step_id": 3,
      "description": "Evaluate the impact of surgical treatments for ulcerative colitis, including the type of surgery and time since surgery, to determine the appropriate rating.",
      "segment_ids": [
        3
      ],
      "text_from_manual": [
        [
          {
            "table": {
              "title": "Surgical Treatment Ratings",
              "columns": [
                "Surgery Type",
                "0\u20136 mo",
                "6\u201312 mo",
                ">12 mo"
              ],
              "rows": [
                {
                  "Surgery Type": "Partial colectomy, no symptoms",
                  "0\u20136 mo": "Postpone",
                  "6\u201312 mo": "IC",
                  ">12 mo": "Rate as mild"
                },
                {
                  "Surgery Type": "Partial colectomy, with symptoms",
                  "0\u20136 mo": "Postpone",
                  "6\u201312 mo": "IC",
                  ">12 mo": "Rate as moderate or higher"
                },
                {
                  "Surgery Type": "Complete colectomy with pouch",
                  "0\u20136 mo": "Postpone",
                  "6\u201312 mo": "$5/mil x year",
                  ">12 mo": "Standard/IC"
                },
                {
                  "Surgery Type": "Permanent ileostomy",
                  "0\u20136 mo": "Postpone",
                  "6\u201312 mo": "IC",
                  ">12 mo": "Standard/IC"
                },
                {
                  "Surgery Type": "Strictureplasty, fistula",
                  "0\u20136 mo": "Postpone",
                  "6\u201312 mo": "IC",
                  ">12 mo": "Rate as per severity chart"
                }
              ],
              "notes": []
            }
          }
        ]
      ]
    },
    {
      "step_id": 4,
      "description": "Determine WP, ADB, and LTC rider ratings based on the LIFE rating derived from ulcerative colitis severity and other factors.",
      "segment_ids": [
        4
      ],
      "text_from_manual": [
        [
          {
            "table": {
              "title": "WP, ADB, and LTC Rider Ratings",
              "columns": [
                "LIFE Rating",
                "WP",
                "ADB",
                "LTC (if LIFE > +100)"
              ],
              "rows": [
                {
                  "LIFE Rating": "<+50",
                  "WP": "1.5x",
                  "ADB": "1.5x",
                  "LTC (if LIFE > +100)": "Standard"
                },
                {
                  "LIFE Rating": "+50 to +75",
                  "WP": "2x",
                  "ADB": "2x",
                  "LTC (if LIFE > +100)": "LIFE Rating"
                },
                {
                  "LIFE Rating": "+100",
                  "WP": "2x",
                  "ADB": "2x",
                  "LTC (if LIFE > +100)": "Decline"
                },
                {
                  "LIFE Rating": ">+100",
                  "WP": "Decline",
                  "ADB": "Decline",
                  "LTC (if LIFE > +100)": "Decline"
                }
              ],
              "notes": []
            }
          }
        ]
      ]
    }
  ]
}