{
  "manual_section": "Atrial Fibrillation",
  "steps": [
    {
      "id": 1,
      "step_description": "Determine if Atrial Fibrillation is newly discovered on insurance exam or EKG. If it is newly discovered, rate as below.",
      "text_from_manual": {
        "LIFE": "Postpone",
        "WP": "Postpone",
        "ADB": "Postpone",
        "LTC": "Postpone"
      }
    },
    {
      "id": 2,
      "step_description": "Determine if Single/multiple episodes due to acute illness, resolved.",
      "text_from_manual": {
        "LIFE": "Rate for cause",
        "WP": "Rate for cause",
        "ADB": "Rate for cause",
        "LTC": "Rate for cause"
      }
    },
    {
      "id": 3,
      "step_description": "Determine if Single/multiple episodes due to acute illness, not resolved.",
      "text_from_manual": {
        "LIFE": "Rate for cause + Chronic AF rating",
        "WP": "Rate for cause + Chronic AF rating",
        "ADB": "Rate for cause + Chronic AF rating",
        "LTC": "Rate for cause + Chronic AF rating"
      }
    },
    {
      "id": 4,
      "step_description": "Determine if applicant has Paroxysmal AF, fully investigated, <4 short attacks/year, no underlying disease.",
      "text_from_manual": {
        "LIFE": "+10",
        "WP": "+0",
        "ADB": "+0",
        "LTC": "+0"
      }
    },
    {
      "id": 5,
      "step_description": "Determine if applicant has Paroxysmal AF, fully investigated, >4 short attacks/year, no underlying disease.",
      "text_from_manual": {
        "LIFE": "+65",
        "WP": "1.6x",
        "ADB": "1.6x",
        "LTC": "LIFE Ratings"
      }
    },
    {
      "id": 6,
      "step_description": "Determine if applicant has Paroxysmal AF, uninvestigated, <4 short attacks/year, age < 60.",
      "text_from_manual": {
        "LIFE": "IC",
        "WP": "IC",
        "ADB": "IC",
        "LTC": "IC"
      }
    },
    {
      "id": 7,
      "step_description": "Determine if the applicant has Paroxysmal AF, uninvestigated, <4 short attacks/year, age >= 60.",
      "text_from_manual": {
        "LIFE": "+70",
        "WP": "1.6x",
        "ADB": "1.6x",
        "LTC": "LIFE Ratings"
      }
    },
    {
      "id": 8,
      "step_description": "Determine if the applicant has Paroxysmal AF, uninvestigated, >4 short attacks/year.",
      "text_from_manual": {
        "LIFE": "Postpone for investigations",
        "WP": "Postpone",
        "ADB": "Postpone",
        "LTC": "Postpone"
      }
    },
    {
      "id": 9,
      "step_description": "Determine if the applicant has been using anticoagulants for <6 months.",
      "text_from_manual": {
        "LIFE": "+0",
        "WP": "+0",
        "ADB": "+0",
        "LTC": "LIFE Rating"
      }
    },
    {
      "id": 10,
      "step_description": "Determine if the applicant has been using anticoagulants for >6 months.",
      "text_from_manual": {
        "Credit/Debit": "-28",
        "WP": "+0",
        "ADB": "+0",
        "LTC": "LIFE Rating"
      }
    },
    {
      "id": 11,
      "step_description": "Check if Chronic AF, fully investigated, age <60.",
      "text_from_manual": {
        "LIFE": "+120 (min +90*)",
        "WP": "2.1x",
        "ADB": "2.1x",
        "LTC": "LIFE Rating"
      }
    },
    {
      "id": 12,
      "step_description": "Check if Chronic AF, fully investigated, age 60-85.",
      "text_from_manual": {
        "LIFE": "+85 (min +65*)",
        "WP": "2.1x",
        "ADB": "2.1x",
        "LTC": "LIFE Rating"
      }
    },
    {
      "id": 13,
      "step_description": "Check if Chronic AF, fully investigated, age >85.",
      "text_from_manual": {
        "LIFE": "+65 (min +35*)",
        "WP": "Decline",
        "ADB": "Decline",
        "LTC": "LIFE Rating"
      }
    },
    {
      "id": 14,
      "step_description": "Check if Chronic AF, uninvestigated, age <60.",
      "text_from_manual": {
        "LIFE": "Postpone",
        "WP": "Postpone",
        "ADB": "Postpone",
        "LTC": "Postpone"
      }
    },
    {
      "id": 15,
      "step_description": "Check if Chronic AF, uninvestigated, age >60, AF <2 years.",
      "text_from_manual": {
        "LIFE": "Postpone",
        "WP": "Postpone",
        "ADB": "Postpone",
        "LTC": "Postpone"
      }
    },
    {
      "id": 16,
      "step_description": "Check if Chronic AF, uninvestigated, age >60, AF >2 years.",
      "text_from_manual": {
        "LIFE": "+120",
        "WP": "Decline",
        "ADB": "Decline",
        "LTC": "Decline"
      }
    },
    {
      "id": 17,
      "step_description": "Check if Treated with ablation, 0-6 months.",
      "text_from_manual": {
        "LIFE": "Rate as without ablation",
        "WP": "Rate as without ablation",
        "ADB": "Rate as without ablation",
        "LTC": "Rate as without ablation"
      }
    },
    {
      "id": 18,
      "step_description": "Check if Treated with ablation, >6 months.",
      "text_from_manual": {
        "LIFE": "+0",
        "WP": "+0",
        "ADB": "+0",
        "LTC": "LIFE Rating"
      }
    }
  ]
}