{
  "manual_section": "Blood Pressure",
  "steps": [
    {
      "id": 1,
      "step_description": "If the gender is Female, consult the below Female Blood Pressure Ratings based on Diastolic and Systolic values across different age groups.",
      "text_from_manual": {
        "Diastolic 60-95": {
          "Age 17-39": {
            "Systolic 136-140": "0",
            "Systolic 141-145": "0",
            "Systolic 146-150": "25",
            "Systolic 151-155": "30",
            "Systolic 156-160": "40",
            "Systolic 161-165": "55",
            "Systolic 166-170": "70",
            "Systolic 171-175": "90",
            "Systolic 176-180": "110",
            "Systolic 181-185": "130",
            "Systolic 186-190": "160",
            "Systolic 191-195": "190",
            "Systolic 196-200": "220"
          },
          "Age 40-49": {
            "Systolic 136-140": "0",
            "Systolic 141-145": "0",
            "Systolic 146-150": "0",
            "Systolic 151-155": "0",
            "Systolic 156-160": "25",
            "Systolic 161-165": "35",
            "Systolic 166-170": "50",
            "Systolic 171-175": "65",
            "Systolic 176-180": "80",
            "Systolic 181-185": "100",
            "Systolic 186-190": "120",
            "Systolic 191-195": "150",
            "Systolic 196-200": "180"
          },
          "Age 50-59": {
            "Systolic 136-140": "0",
            "Systolic 141-145": "0",
            "Systolic 146-150": "0",
            "Systolic 151-155": "0",
            "Systolic 156-160": "0",
            "Systolic 161-165": "0",
            "Systolic 166-170": "0",
            "Systolic 171-175": "25",
            "Systolic 176-180": "35",
            "Systolic 181-185": "45",
            "Systolic 186-190": "60",
            "Systolic 191-195": "80",
            "Systolic 196-200": "100"
          },
          "Age 60-69": {
            "Systolic 136-140": "0",
            "Systolic 141-145": "0",
            "Systolic 146-150": "0",
            "Systolic 151-155": "0",
            "Systolic 156-160": "0",
            "Systolic 161-165": "0",
            "Systolic 166-170": "0",
            "Systolic 171-175": "0",
            "Systolic 176-180": "25",
            "Systolic 181-185": "35",
            "Systolic 186-190": "50",
            "Systolic 191-195": "70",
            "Systolic 196-200": "90"
          },
          "Age 70+": {
            "Systolic 136-140": "0",
            "Systolic 141-145": "0",
            "Systolic 146-150": "0",
            "Systolic 151-155": "0",
            "Systolic 156-160": "0",
            "Systolic 161-165": "0",
            "Systolic 166-170": "0",
            "Systolic 171-175": "0",
            "Systolic 176-180": "0",
            "Systolic 181-185": "25",
            "Systolic 186-190": "35",
            "Systolic 191-195": "55",
            "Systolic 196-200": "70"
          }
        },
        "Diastolic 96-100": {
          "Age 17-39": {
            "Systolic 136-140": "30",
            "Systolic 141-145": "35",
            "Systolic 146-150": "40",
            "Systolic 151-155": "55",
            "Systolic 156-160": "70",
            "Systolic 161-165": "85",
            "Systolic 166-170": "100",
            "Systolic 171-175": "120",
            "Systolic 176-180": "140",
            "Systolic 181-185": "160",
            "Systolic 186-190": "190",
            "Systolic 191-195": "220",
            "Systolic 196-200": "250"
          },
          "Age 40-49": {
            "Systolic 136-140": "0",
            "Systolic 141-145": "0",
            "Systolic 146-150": "25",
            "Systolic 151-155": "30",
            "Systolic 156-160": "40",
            "Systolic 161-165": "55",
            "Systolic 166-170": "70",
            "Systolic 171-175": "85",
            "Systolic 176-180": "100",
            "Systolic 181-185": "120",
            "Systolic 186-190": "140",
            "Systolic 191-195": "170",
            "Systolic 196-200": "200"
          },
          "Age 50-59": {
            "Systolic 136-140": "0",
            "Systolic 141-145": "0",
            "Systolic 146-150": "0",
            "Systolic 151-155": "0",
            "Systolic 156-160": "0",
            "Systolic 161-165": "25",
            "Systolic 166-170": "35",
            "Systolic 171-175": "50",
            "Systolic 176-180": "65",
            "Systolic 181-185": "80",
            "Systolic 186-190": "100",
            "Systolic 191-195": "120",
            "Systolic 196-200": "150"
          },
          "Age 60-69": {
            "Systolic 136-140": "0",
            "Systolic 141-145": "0",
            "Systolic 146-150": "0",
            "Systolic 151-155": "0",
            "Systolic 156-160": "0",
            "Systolic 161-165": "0",
            "Systolic 166-170": "25",
            "Systolic 171-175": "35",
            "Systolic 176-180": "50",
            "Systolic 181-185": "65",
            "Systolic 186-190": "80",
            "Systolic 191-195": "100",
            "Systolic 196-200": "120"
          },
          "Age 70+": {
            "Systolic 136-140": "0",
            "Systolic 141-145": "0",
            "Systolic 146-150": "0",
            "Systolic 151-155": "0",
            "Systolic 156-160": "0",
            "Systolic 161-165": "0",
            "Systolic 166-170": "0",
            "Systolic 171-175": "0",
            "Systolic 176-180": "25",
            "Systolic 181-185": "35",
            "Systolic 186-190": "50",
            "Systolic 191-195": "70",
            "Systolic 196-200": "90"
          }
        },
        "Diastolic 101-105": {
          "Age 17-39": {
            "Systolic 136-140": "60",
            "Systolic 141-145": "70",
            "Systolic 146-150": "80",
            "Systolic 151-155": "95",
            "Systolic 156-160": "110",
            "Systolic 161-165": "130",
            "Systolic 166-170": "150",
            "Systolic 171-175": "170",
            "Systolic 176-180": "190",
            "Systolic 181-185": "210",
            "Systolic 186-190": "240",
            "Systolic 191-195": "270",
            "Systolic 196-200": "300"
          },
          "Age 40-49": {
            "Systolic 136-140": "40",
            "Systolic 141-145": "50",
            "Systolic 146-150": "60",
            "Systolic 151-155": "70",
            "Systolic 156-160": "85",
            "Systolic 161-165": "100",
            "Systolic 166-170": "120",
            "Systolic 171-175": "140",
            "Systolic 176-180": "160",
            "Systolic 181-185": "180",
            "Systolic 186-190": "210",
            "Systolic 191-195": "240",
            "Systolic 196-200": "270"
          },
          "Age 50-59": {
            "Systolic 136-140": "0",
            "Systolic 141-145": "0",
            "Systolic 146-150": "25",
            "Systolic 151-155": "30",
            "Systolic 156-160": "40",
            "Systolic 161-165": "55",
            "Systolic 166-170": "70",
            "Systolic 171-175": "85",
            "Systolic 176-180": "100",
            "Systolic 181-185": "120",
            "Systolic 186-190": "140",
            "Systolic 191-195": "170",
            "Systolic 196-200": "200"
          },
          "Age 60-69": {
            "Systolic 136-140": "0",
            "Systolic 141-145": "0",
            "Systolic 146-150": "0",
            "Systolic 151-155": "0",
            "Systolic 156-160": "25",
            "Systolic 161-165": "35",
            "Systolic 166-170": "50",
            "Systolic 171-175": "65",
            "Systolic 176-180": "80",
            "Systolic 181-185": "100",
            "Systolic 186-190": "120",
            "Systolic 191-195": "150",
            "Systolic 196-200": "180"
          },
          "Age 70+": {
            "Systolic 136-140": "0",
            "Systolic 141-145": "0",
            "Systolic 146-150": "0",
            "Systolic 151-155": "25",
            "Systolic 156-160": "35",
            "Systolic 161-165": "50",
            "Systolic 166-170": "65",
            "Systolic 171-175": "80",
            "Systolic 176-180": "100",
            "Systolic 181-185": "120",
            "Systolic 186-190": "140",
            "Systolic 191-195": "170",
            "Systolic 196-200": "200"
          }
        },
        "Diastolic 106-110": {
          "Age 17-39": {
            "Systolic 136-140": "100",
            "Systolic 141-145": "120",
            "Systolic 146-150": "130",
            "Systolic 151-155": "150",
            "Systolic 156-160": "170",
            "Systolic 161-165": "190",
            "Systolic 166-170": "210",
            "Systolic 171-175": "240",
            "Systolic 176-180": "260",
            "Systolic 181-185": "290",
            "Systolic 186-190": "320",
            "Systolic 191-195": "350",
            "Systolic 196-200": "380"
          },
          "Age 40-49": {
            "Systolic 136-140": "80",
            "Systolic 141-145": "90",
            "Systolic 146-150": "100",
            "Systolic 151-155": "120",
            "Systolic 156-160": "140",
            "Systolic 161-165": "160",
            "Systolic 166-170": "180",
            "Systolic 171-175": "200",
            "Systolic 176-180": "220",
            "Systolic 181-185": "250",
            "Systolic 186-190": "280",
            "Systolic 191-195": "310",
            "Systolic 196-200": "340"
          },
          "Age 50-59": {
            "Systolic 136-140": "40",
            "Systolic 141-145": "50",
            "Systolic 146-150": "60",
            "Systolic 151-155": "70",
            "Systolic 156-160": "85",
            "Systolic 161-165": "100",
            "Systolic 166-170": "120",
            "Systolic 171-175": "140",
            "Systolic 176-180": "160",
            "Systolic 181-185": "180",
            "Systolic 186-190": "210",
            "Systolic 191-195": "240",
            "Systolic 196-200": "270"
          },
          "Age 60-69": {
            "Systolic 136-140": "25",
            "Systolic 141-145": "35",
            "Systolic 146-150": "50",
            "Systolic 151-155": "65",
            "Systolic 156-160": "80",
            "Systolic 161-165": "100",
            "Systolic 166-170": "120",
            "Systolic 171-175": "140",
            "Systolic 176-180": "160",
            "Systolic 181-185": "180",
            "Systolic 186-190": "210",
            "Systolic 191-195": "240",
            "Systolic 196-200": "270"
          },
          "Age 70+": {
            "Systolic 136-140": "25",
            "Systolic 141-145": "35",
            "Systolic 146-150": "50",
            "Systolic 151-155": "65",
            "Systolic 156-160": "80",
            "Systolic 161-165": "100",
            "Systolic 166-170": "120",
            "Systolic 171-175": "140",
            "Systolic 176-180": "160",
            "Systolic 181-185": "180",
            "Systolic 186-190": "210",
            "Systolic 191-195": "240",
            "Systolic 196-200": "270"
          }
        },
        "Diastolic 111-115": {
          "Any Age": {
            "Systolic 136-140": "150",
            "Systolic 141-145": "170",
            "Systolic 146-150": "190",
            "Systolic 151-155": "210",
            "Systolic 156-160": "230",
            "Systolic 161-165": "250",
            "Systolic 166-170": "270",
            "Systolic 171-175": "300",
            "Systolic 176-180": "320",
            "Systolic 181-185": "350",
            "Systolic 186-190": "400",
            "Systolic 191-195": "450",
            "Systolic 196-200": "500"
          }
        },
        "Diastolic 116-120": {
          "Any Age": {
            "Systolic 136-140": "Decline",
            "Systolic 141-145": "Decline",
            "Systolic 146-150": "Decline",
            "Systolic 151-155": "Decline",
            "Systolic 156-160": "Decline",
            "Systolic 161-165": "Decline",
            "Systolic 166-170": "Decline",
            "Systolic 171-175": "Decline",
            "Systolic 176-180": "Decline",
            "Systolic 181-185": "Decline",
            "Systolic 186-190": "Decline",
            "Systolic 191-195": "Decline",
            "Systolic 196-200": "Decline"
          }
        }
      }
    },
    {
      "id": 2,
      "step_description": "If the gender is Male, consult the Male Blood Pressure Ratings based on Diastolic and Systolic values across different age groups.",
      "text_from_manual": {
        "Diastolic 60-95": {
          "Age 17-39": {
            "Systolic 136-140": "0",
            "Systolic 141-145": "0",
            "Systolic 146-150": "20",
            "Systolic 151-155": "25",
            "Systolic 156-160": "35",
            "Systolic 161-165": "50",
            "Systolic 166-170": "65",
            "Systolic 171-175": "85",
            "Systolic 176-180": "100",
            "Systolic 181-185": "120",
            "Systolic 186-190": "150",
            "Systolic 191-195": "180",
            "Systolic 196-200": "210"
          },
          "Age 40-49": {
            "Systolic 136-140": "0",
            "Systolic 141-145": "0",
            "Systolic 146-150": "0",
            "Systolic 151-155": "0",
            "Systolic 156-160": "20",
            "Systolic 161-165": "30",
            "Systolic 166-170": "45",
            "Systolic 171-175": "60",
            "Systolic 176-180": "75",
            "Systolic 181-185": "95",
            "Systolic 186-190": "115",
            "Systolic 191-195": "140",
            "Systolic 196-200": "170"
          },
          "Age 50-59": {
            "Systolic 136-140": "0",
            "Systolic 141-145": "0",
            "Systolic 146-150": "0",
            "Systolic 151-155": "0",
            "Systolic 156-160": "0",
            "Systolic 161-165": "20",
            "Systolic 166-170": "30",
            "Systolic 171-175": "45",
            "Systolic 176-180": "60",
            "Systolic 181-185": "80",
            "Systolic 186-190": "100",
            "Systolic 191-195": "130",
            "Systolic 196-200": "160"
          },
          "Age 60-69": {
            "Systolic 136-140": "0",
            "Systolic 141-145": "0",
            "Systolic 146-150": "0",
            "Systolic 151-155": "0",
            "Systolic 156-160": "0",
            "Systolic 161-165": "0",
            "Systolic 166-170": "0",
            "Systolic 171-175": "20",
            "Systolic 176-180": "30",
            "Systolic 181-185": "50",
            "Systolic 186-190": "70",
            "Systolic 191-195": "100",
            "Systolic 196-200": "130"
          },
          "Age 70+": {
            "Systolic 136-140": "0",
            "Systolic 141-145": "0",
            "Systolic 146-150": "0",
            "Systolic 151-155": "0",
            "Systolic 156-160": "0",
            "Systolic 161-165": "0",
            "Systolic 166-170": "0",
            "Systolic 171-175": "0",
            "Systolic 176-180": "20",
            "Systolic 181-185": "30",
            "Systolic 186-190": "50",
            "Systolic 191-195": "80",
            "Systolic 196-200": "100"
          }
        },
        "Diastolic 96-100": {
          "Age 17-39": {
            "Systolic 136-140": "25",
            "Systolic 141-145": "30",
            "Systolic 146-150": "35",
            "Systolic 151-155": "50",
            "Systolic 156-160": "65",
            "Systolic 161-165": "80",
            "Systolic 166-170": "95",
            "Systolic 171-175": "110",
            "Systolic 176-180": "130",
            "Systolic 181-185": "150",
            "Systolic 186-190": "180",
            "Systolic 191-195": "210",
            "Systolic 196-200": "240"
          },
          "Age 40-49": {
            "Systolic 136-140": "0",
            "Systolic 141-145": "0",
            "Systolic 146-150": "20",
            "Systolic 151-155": "25",
            "Systolic 156-160": "35",
            "Systolic 161-165": "50",
            "Systolic 166-170": "65",
            "Systolic 171-175": "80",
            "Systolic 176-180": "95",
            "Systolic 181-185": "110",
            "Systolic 186-190": "130",
            "Systolic 191-195": "160",
            "Systolic 196-200": "190"
          },
          "Age 50-59": {
            "Systolic 136-140": "0",
            "Systolic 141-145": "0",
            "Systolic 146-150": "0",
            "Systolic 151-155": "0",
            "Systolic 156-160": "20",
            "Systolic 161-165": "30",
            "Systolic 166-170": "45",
            "Systolic 171-175": "60",
            "Systolic 176-180": "75",
            "Systolic 181-185": "95",
            "Systolic 186-190": "115",
            "Systolic 191-195": "140",
            "Systolic 196-200": "170"
          },
          "Age 60-69": {
            "Systolic 136-140": "0",
            "Systolic 141-145": "0",
            "Systolic 146-150": "0",
            "Systolic 151-155": "0",
            "Systolic 156-160": "0",
            "Systolic 161-165": "20",
            "Systolic 166-170": "30",
            "Systolic 171-175": "45",
            "Systolic 176-180": "60",
            "Systolic 181-185": "80",
            "Systolic 186-190": "100",
            "Systolic 191-195": "130",
            "Systolic 196-200": "160"
          },
          "Age 70+": {
            "Systolic 136-140": "0",
            "Systolic 141-145": "0",
            "Systolic 146-150": "0",
            "Systolic 151-155": "0",
            "Systolic 156-160": "0",
            "Systolic 161-165": "0",
            "Systolic 166-170": "0",
            "Systolic 171-175": "0",
            "Systolic 176-180": "20",
            "Systolic 181-185": "30",
            "Systolic 186-190": "50",
            "Systolic 191-195": "80",
            "Systolic 196-200": "100"
          }
        },
        "Diastolic 101-105": {
          "Age 17-39": {
            "Systolic 136-140": "50",
            "Systolic 141-145": "60",
            "Systolic 146-150": "70",
            "Systolic 151-155": "85",
            "Systolic 156-160": "100",
            "Systolic 161-165": "120",
            "Systolic 166-170": "140",
            "Systolic 171-175": "160",
            "Systolic 176-180": "180",
            "Systolic 181-185": "200",
            "Systolic 186-190": "230",
            "Systolic 191-195": "260",
            "Systolic 196-200": "290"
          },
          "Age 40-49": {
            "Systolic 136-140": "30",
            "Systolic 141-145": "40",
            "Systolic 146-150": "50",
            "Systolic 151-155": "60",
            "Systolic 156-160": "75",
            "Systolic 161-165": "90",
            "Systolic 166-170": "110",
            "Systolic 171-175": "130",
            "Systolic 176-180": "150",
            "Systolic 181-185": "170",
            "Systolic 186-190": "200",
            "Systolic 191-195": "230",
            "Systolic 196-200": "260"
          },
          "Age 50-59": {
            "Systolic 136-140": "20",
            "Systolic 141-145": "25",
            "Systolic 146-150": "30",
            "Systolic 151-155": "40",
            "Systolic 156-160": "55",
            "Systolic 161-165": "70",
            "Systolic 166-170": "85",
            "Systolic 171-175": "100",
            "Systolic 176-180": "120",
            "Systolic 181-185": "140",
            "Systolic 186-190": "160",
            "Systolic 191-195": "190",
            "Systolic 196-200": "220"
          },
          "Age 60-69": {
            "Systolic 136-140": "0",
            "Systolic 141-145": "0",
            "Systolic 146-150": "20",
            "Systolic 151-155": "30",
            "Systolic 156-160": "45",
            "Systolic 161-165": "60",
            "Systolic 166-170": "75",
            "Systolic 171-175": "95",
            "Systolic 176-180": "115",
            "Systolic 181-185": "140",
            "Systolic 186-190": "160",
            "Systolic 191-195": "190",
            "Systolic 196-200": "220"
          },
          "Age 70+": {
            "Systolic 136-140": "0",
            "Systolic 141-145": "0",
            "Systolic 146-150": "0",
            "Systolic 151-155": "20",
            "Systolic 156-160": "30",
            "Systolic 161-165": "45",
            "Systolic 166-170": "60",
            "Systolic 171-175": "80",
            "Systolic 176-180": "100",
            "Systolic 181-185": "120",
            "Systolic 186-190": "140",
            "Systolic 191-195": "170",
            "Systolic 196-200": "200"
          }
        },
        "Diastolic 106-110": {
          "Age 17-39": {
            "Systolic 136-140": "90",
            "Systolic 141-145": "100",
            "Systolic 146-150": "110",
            "Systolic 151-155": "130",
            "Systolic 156-160": "150",
            "Systolic 161-165": "170",
            "Systolic 166-170": "190",
            "Systolic 171-175": "210",
            "Systolic 176-180": "230",
            "Systolic 181-185": "260",
            "Systolic 186-190": "290",
            "Systolic 191-195": "320",
            "Systolic 196-200": "350"
          },
          "Age 40-49": {
            "Systolic 136-140": "70",
            "Systolic 141-145": "80",
            "Systolic 146-150": "90",
            "Systolic 151-155": "110",
            "Systolic 156-160": "130",
            "Systolic 161-165": "150",
            "Systolic 166-170": "170",
            "Systolic 171-175": "190",
            "Systolic 176-180": "210",
            "Systolic 181-185": "240",
            "Systolic 186-190": "270",
            "Systolic 191-195": "300",
            "Systolic 196-200": "330"
          },
          "Age 50-59": {
            "Systolic 136-140": "40",
            "Systolic 141-145": "50",
            "Systolic 146-150": "60",
            "Systolic 151-155": "70",
            "Systolic 156-160": "85",
            "Systolic 161-165": "100",
            "Systolic 166-170": "120",
            "Systolic 171-175": "140",
            "Systolic 176-180": "160",
            "Systolic 181-185": "180",
            "Systolic 186-190": "210",
            "Systolic 191-195": "240",
            "Systolic 196-200": "270"
          },
          "Age 60-69": {
            "Systolic 136-140": "25",
            "Systolic 141-145": "35",
            "Systolic 146-150": "50",
            "Systolic 151-155": "65",
            "Systolic 156-160": "80",
            "Systolic 161-165": "100",
            "Systolic 166-170": "120",
            "Systolic 171-175": "140",
            "Systolic 176-180": "160",
            "Systolic 181-185": "180",
            "Systolic 186-190": "210",
            "Systolic 191-195": "240",
            "Systolic 196-200": "270"
          },
          "Age 70+": {
            "Systolic 136-140": "25",
            "Systolic 141-145": "35",
            "Systolic 146-150": "50",
            "Systolic 151-155": "65",
            "Systolic 156-160": "80",
            "Systolic 161-165": "100",
            "Systolic 166-170": "120",
            "Systolic 171-175": "140",
            "Systolic 176-180": "160",
            "Systolic 181-185": "180",
            "Systolic 186-190": "210",
            "Systolic 191-195": "240",
            "Systolic 196-200": "270"
          }
        },
        "Diastolic 111-115": {
          "Any Age": {
            "Systolic 136-140": "130",
            "Systolic 141-145": "150",
            "Systolic 146-150": "170",
            "Systolic 151-155": "190",
            "Systolic 156-160": "210",
            "Systolic 161-165": "230",
            "Systolic 166-170": "250",
            "Systolic 171-175": "280",
            "Systolic 176-180": "300",
            "Systolic 181-185": "330",
            "Systolic 186-190": "380",
            "Systolic 191-195": "430",
            "Systolic 196-200": "480"
          }
        },
        "Diastolic 116-120": {
          "Any Age": {
            "Systolic 136-140": "Decline",
            "Systolic 141-145": "Decline",
            "Systolic 146-150": "Decline",
            "Systolic 151-155": "Decline",
            "Systolic 156-160": "Decline",
            "Systolic 161-165": "Decline",
            "Systolic 166-170": "Decline",
            "Systolic 171-175": "Decline",
            "Systolic 176-180": "Decline",
            "Systolic 181-185": "Decline",
            "Systolic 186-190": "Decline",
            "Systolic 191-195": "Decline",
            "Systolic 196-200": "Decline"
          }
        }
      }
    },
    {
      "id": 3,
      "step_description": "Determin Juvenile Blood Pressure Ratings for ages 0-16 with any elevated blood pressure. If the applicant's age is between 0-16 and has any elevated blood pressure.",
      "text_from_manual": {
        "Age 0-16": {
          "Any elevated blood pressure": "IC"
        }
      }
    },
    {
      "id": 4,
      "step_description": "Determine WP and ADB Ratings based on Life Rating.",
      "text_from_manual": {
        "Life Rating 0": {
          "WP": "0",
          "ADB": "0"
        },
        "Life Rating 25 to 50": {
          "WP": "1.5x",
          "ADB": "1.5x"
        },
        "Life Rating 75 to 100": {
          "WP": "2x",
          "ADB": "2x"
        },
        "Life Rating >100": {
          "WP": "Decline",
          "ADB": "Decline"
        },
        "Life Rating Decline": {
          "WP": "Decline",
          "ADB": "Decline"
        }
      }
    },
    {
      "id": 5,
      "step_description": "Determine LTC Ratings based on Blood Pressure Status.",
      "text_from_manual": {
        "Up to 160/95, no other risks": "Life Rating (before credits)",
        ">160/95": "Decline"
      }
    }
  ]
}