{
  "manual_section": "Coronary Artery Disease CAD)",
  "steps": [
    {
      "id":1,
      "step_description":"Determine the applicant's Group classification based on the number of vessels involved, history of myocardial infarction, and ventricular function.",
      "text_from_manual":{
        "Group 1": "Single vessel, no MI, normal EF",
        "Group 2": "Two vessel, prior MI, mild LV dysfunction",
        "Group 3": "Three vessel or left main, recurrent MI, significant LV dysfunction",
        "Group 4": "Severe/unstable, uninsurable"
      }
    },
    {
      "id": 2,
      "step_description": "Evaluate applicant's AGE at application to determine CAD rating based on group classification.",
      "text_from_manual": {
          "<35": {
            "Group 1": "IC",
            "Group 2": "Decline",
            "Group 3": "Decline",
            "Group 4": "Decline"
          },
          "36-39": {
            "Group 1": "+150",
            "Group 2": "+200",
            "Group 3": "Decline",
            "Group 4": "Decline"
          },
          "40-45": {
            "Group 1": "+100",
            "Group 2": "+150",
            "Group 3": "+200",
            "Group 4": "Decline"
          },
          "46-49": {
            "Group 1": "+75",
            "Group 2": "+125",
            "Group 3": "+150",
            "Group 4": "Decline"
          },
          "50-69": {
            "Group 1": "+50",
            "Group 2": "+100",
            "Group 3": "+125",
            "Group 4": "Decline"
          },
          "70-79": {
            "Group 1": "+0",
            "Group 2": "+50",
            "Group 3": "+100",
            "Group 4": "Decline"
          },
          "80+": {
            "Group 1": "+0",
            "Group 2": "+0",
            "Group 3": "+50",
            "Group 4": "Decline"
          }
      }
    },
    {
      "id": 3,
      "step_description": "Assess AGE OF ONSET for applicants aged 50-69 and apply additional debits. The key (e.g. 36-39) is the age range. For applicants aged 50-69, apply additional debits based on the age of onset of CAD. Refer to the Age of Onset Debit Table for specific debits.",
      "text_from_manual": {
          "36-39": {
            "Additional Debit": "+75"
          },
          "40-45": {
            "Additional Debit": "+50"
          },
          "46-49": {
            "Additional Debit": "+25"
          },
          ">70": {
            "Additional Debit": "No additional"
          }
      }
    },
    {
      "id": 4,
      "step_description": "Evaluate SMOKING STATUS and apply debits based on age group.",
      "text_from_manual": {
          "<1 pack/day": {
            "Age 36-49": "Decline",
            "Age 50-69": "+50 - +100",
            "Age 70-79": "+25 - +50",
            "Age 80+": "+0 - +25"
          },
          ">1 pack/day": {
            "Age 36-49": "Decline",
            "Age 50-69": "Decline",
            "Age 70-79": "Decline",
            "Age 80+": "Decline"
          }
      }
    },
    {
      "id": 5,
      "step_description": "Calculate minimum ratings after credits for different age groups and group classifications. If the rating is lower than the minimum, adjust to the minimum rating.",
      "text_from_manual": {
          "<50": {
            "Group 1": "Table",
            "Group 2": "Table",
            "Group 3": "Table"
          },
          "50-55": {
            "Group 1": "+50",
            "Group 2": "+75",
            "Group 3": "+100"
          },
          "56-59": {
            "Group 1": "+50",
            "Group 2": "+75",
            "Group 3": "+100"
          },
          "60-70": {
            "Group 1": "Std",
            "Group 2": "+50",
            "Group 3": "+75"
          },
          "71-79": {
            "Group 1": "Std+",
            "Group 2": "Std",
            "Group 3": "+50"
          },
          "80+": {
            "Group 1": "Std+",
            "Group 2": "Std+",
            "Group 3": "+25"
          }
      }
    }
  ]
}
