{
  "directed": true,
  "multigraph": false,
  "graph": {},
  "nodes": [
    {
      "id": "Build-Risk Assessment"
    },
    {
      "id": "Family history of premature CVD (<60)"
    },
    {
      "id": "With rateable hypertension"
    },
    {
      "id": "With diabetes mellitus"
    },
    {
      "id": "Combination with other impairments"
    },
    {
      "id": "Metabolic syndrome"
    },
    {
      "id": "Cholesterol and HDL-C"
    },
    {
      "id": "Blood Pressure"
    },
    {
      "id": "TST >9min, >10 METS, negative"
    },
    {
      "id": "TST >6\u20139min, >6\u20139 METS, negative"
    },
    {
      "id": "Thallium stress test/Stress Echo normal"
    },
    {
      "id": "Total Points and Number of Credits (Tables)"
    },
    {
      "id": "Maximum credits"
    },
    {
      "id": "Ulcerative Collitis"
    },
    {
      "id": "Alcohol Misuse and Alcoholism"
    },
    {
      "id": "Amyloidosis"
    },
    {
      "id": "Anemia"
    },
    {
      "id": "Arthritis"
    },
    {
      "id": "Chronic Active Hepatitis"
    },
    {
      "id": "Depression"
    },
    {
      "id": "Elevated CEA"
    },
    {
      "id": "Fulminant colitis"
    },
    {
      "id": "High grade dysplasia"
    },
    {
      "id": "Inadequate surveillance"
    },
    {
      "id": "LFTs >2x normal"
    },
    {
      "id": "Low serum albumin (<3 mg)"
    },
    {
      "id": "Ocular lesions"
    },
    {
      "id": "Parenteral alimentation"
    },
    {
      "id": "Sclerosing cholangitis"
    },
    {
      "id": "Skin lesions"
    },
    {
      "id": "Surgery pending"
    },
    {
      "id": "Underweight"
    },
    {
      "id": "Excellent compliance"
    },
    {
      "id": "Long remission (>2 years)"
    },
    {
      "id": "No extra-intestinal complications"
    },
    {
      "id": "Regular colonoscopic surveillance"
    },
    {
      "id": "Onset after age 20"
    },
    {
      "id": "Hodgkin's Lymphoma"
    },
    {
      "id": "Current age >65"
    },
    {
      "id": "Bone marrow/stem cell transplant"
    },
    {
      "id": "Mild, well-controlled rejection"
    },
    {
      "id": "Recurrence"
    },
    {
      "id": "Partial remission only"
    },
    {
      "id": "Unexplained weight loss, fever, night sweats"
    },
    {
      "id": "Abnormal labwork (LFT, CBC, ESR, etc.)"
    },
    {
      "id": "Smoking, heavy (>1 pack/day)"
    },
    {
      "id": "Unexplained lymphadenopathy"
    },
    {
      "id": "History of life-threatening infections (2 yrs)"
    },
    {
      "id": "Post-treatment AML"
    },
    {
      "id": "Post-treatment solid tumor"
    },
    {
      "id": "Remission >10 years, previously declined"
    },
    {
      "id": "Chemotherapy only, 15 years post-treatment, no leukemia"
    },
    {
      "id": "Excellent compliance, regular follow-up"
    },
    {
      "id": "Coronary Artery Disease (CAD)"
    },
    {
      "id": "Mild PAD"
    },
    {
      "id": "Moderate/Severe PAD/Smoker"
    },
    {
      "id": "Diabetes Mellitus"
    },
    {
      "id": "CHF"
    },
    {
      "id": "Chronic Obstructive Pulmonary Disease (COPD)"
    },
    {
      "id": "Chronic renal failure"
    },
    {
      "id": "BP/Lipids within range (2 years)"
    },
    {
      "id": "Negative exercise study (last 2 years, >10 METS)"
    },
    {
      "id": "No disease progression (5 years)"
    },
    {
      "id": "Pro-BNP normal (last 12 months)"
    },
    {
      "id": "Use of 2+ cardiac medications"
    },
    {
      "id": "4+ healthy lifestyle criteria"
    },
    {
      "id": "Proteinuria"
    },
    {
      "id": "Chronic kidney disease"
    },
    {
      "id": "Obesity (BMI >35)"
    },
    {
      "id": "Smoking"
    },
    {
      "id": "Poor medication compliance"
    },
    {
      "id": "End-organ damage"
    },
    {
      "id": "Build within standard table"
    },
    {
      "id": "Negative cardiac investigations"
    },
    {
      "id": "Total points"
    },
    {
      "id": "Age Group"
    },
    {
      "id": "Bipolar Disorder"
    },
    {
      "id": "Substance abuse"
    },
    {
      "id": "Anxiety"
    },
    {
      "id": "Antisocial personality"
    },
    {
      "id": "Associated eating disorder"
    },
    {
      "id": "Associated chronic debilitating disorder"
    },
    {
      "id": "Associated dementia"
    },
    {
      "id": "History of suicide ideation/attempt"
    },
    {
      "id": "Stable employment and relationships"
    },
    {
      "id": "Stable >10 years without serious complications"
    },
    {
      "id": "Osteoarthritis"
    },
    {
      "id": "Pending or recommended surgery"
    },
    {
      "id": "Ratable build"
    },
    {
      "id": "Diabetes or cardiovascular disease"
    },
    {
      "id": "Use of chronic opioids"
    },
    {
      "id": "Non-compliance with therapy"
    },
    {
      "id": "Use of wheelchair or bedridden"
    },
    {
      "id": "Credits for Protective Factors"
    },
    {
      "id": "Chol/HDL-C Ratio"
    },
    {
      "id": "Protective Factor"
    },
    {
      "id": "Atrial Flutter"
    },
    {
      "id": "Underlying cardiac disease"
    },
    {
      "id": "Heart failure"
    },
    {
      "id": "Valvular disease"
    },
    {
      "id": "Diabetes Mellitus, hypertension, Chronic Obstructive Pulmonary Disease (COPD)"
    },
    {
      "id": "Anticoagulation >6 months, compliant"
    },
    {
      "id": "Well-controlled BP and lipids >2 years"
    },
    {
      "id": "No symptoms, stable for >3 years"
    },
    {
      "id": "Successful ablation, no recurrence >1 year"
    },
    {
      "id": "Non-smoker, healthy BMI"
    },
    {
      "id": "Atrial Fibrillation"
    },
    {
      "id": "Build rating"
    },
    {
      "id": "Cardiomyopathy"
    },
    {
      "id": "Coagulation disorder"
    },
    {
      "id": "Congestive heart failure"
    },
    {
      "id": "Echocardiogram, abnormal"
    },
    {
      "id": "GI bleed, history of"
    },
    {
      "id": "Heart rate >100 at rest"
    },
    {
      "id": "Stroke, Ischemic and TIA"
    },
    {
      "id": "Pacemaker"
    },
    {
      "id": "PAD"
    },
    {
      "id": "TST positive"
    },
    {
      "id": "WPW syndrome"
    },
    {
      "id": "Ventricular tachycardia"
    },
    {
      "id": "Generalized Anxiety Disorder"
    },
    {
      "id": "With depression"
    },
    {
      "id": "With substance use disorder"
    },
    {
      "id": "History of suicide attempt"
    },
    {
      "id": "Frequent hospitalizations"
    },
    {
      "id": "Non-compliance with treatment"
    },
    {
      "id": "Eating disorder"
    },
    {
      "id": "Personality disorder"
    },
    {
      "id": "No hospitalizations, no work loss"
    },
    {
      "id": "Asthma"
    },
    {
      "id": "Bronchiectasis"
    },
    {
      "id": "Cardiac asthma"
    },
    {
      "id": "Evidence of non-compliance"
    },
    {
      "id": "Life-threatening episode"
    },
    {
      "id": "Psychiatric disorder"
    },
    {
      "id": "Remote history only (>10 yrs)"
    },
    {
      "id": "Underweight >15%"
    },
    {
      "id": "Iron Deficiency Anemia"
    },
    {
      "id": "Malignancy"
    },
    {
      "id": "Chronic GI disease (e.g., IBD)"
    },
    {
      "id": "Ongoing blood loss"
    },
    {
      "id": "Severe malabsorption"
    },
    {
      "id": "Full correction and stable hemoglobin"
    },
    {
      "id": "ASD"
    },
    {
      "id": "Carotid stenting"
    },
    {
      "id": "Endarterectomy"
    },
    {
      "id": "Hyperlipidemia"
    },
    {
      "id": "Medication-caused event"
    },
    {
      "id": "Patent foramen ovale"
    },
    {
      "id": "Peripheral arterial disease"
    },
    {
      "id": "Sleep Apnea"
    },
    {
      "id": "Stress ECG positive"
    },
    {
      "id": "Traumatic cause"
    },
    {
      "id": "Negative exercise stress test"
    },
    {
      "id": "No disease progression (carotid US/MRI, 2 years)"
    },
    {
      "id": "Use of 2+ protective medications"
    },
    {
      "id": "Meets 4+ healthy lifestyle criteria"
    },
    {
      "id": "Epilepsy"
    },
    {
      "id": "Poor compliance with medications"
    },
    {
      "id": "Frequent accidents"
    },
    {
      "id": "Hazardous avocations"
    },
    {
      "id": "Surgery for epilepsy"
    },
    {
      "id": "Excellent compliance, seizure-free >3 yrs"
    },
    {
      "id": "No accidents/injuries, stable employment"
    },
    {
      "id": "Supportive social/family environment"
    },
    {
      "id": "Aviation"
    },
    {
      "id": "Cyclothymic disorder"
    },
    {
      "id": "Depression age <18"
    },
    {
      "id": "Driving infractions, multiple"
    },
    {
      "id": "Gambling disorder"
    },
    {
      "id": "Hazardous activity"
    },
    {
      "id": "Pregnant, history of postpartum depression"
    },
    {
      "id": "Pregnant, currently treated for depression"
    },
    {
      "id": "Suicide (any history)"
    },
    {
      "id": "Hepatitis A"
    },
    {
      "id": "Chronic hepatitis B or C"
    },
    {
      "id": "Cirrhosis or chronic liver disease"
    },
    {
      "id": "Immunosuppression"
    },
    {
      "id": "Multiple episodes of hepatitis"
    },
    {
      "id": "Documented vaccination"
    },
    {
      "id": "No underlying liver disease"
    },
    {
      "id": "Hepatitis B"
    },
    {
      "id": "HDV or HCV co-infection"
    },
    {
      "id": "Elevated alpha-fetoprotein"
    },
    {
      "id": "Abdominal imaging suggestive of cirrhosis/mass"
    },
    {
      "id": "Clinical findings of chronic liver disease"
    },
    {
      "id": "Extra-hepatic manifestations"
    },
    {
      "id": "Cirrhosis"
    },
    {
      "id": "Liver biopsy >5 years old"
    },
    {
      "id": "Serial biopsies"
    },
    {
      "id": "Sustained normal LFTs and low HBV DNA"
    },
    {
      "id": "Full response to treatment (HBV DNA neg, HBsAg neg, anti-HBe pos, LFTs normal)"
    },
    {
      "id": "Steroid complications"
    },
    {
      "id": "Alpha-1 Antitrypsin Deficiency"
    },
    {
      "id": "Pulmonary Hypertension"
    },
    {
      "id": "Cor Pulmonale"
    },
    {
      "id": "Home O2 use"
    },
    {
      "id": "History of Lung Cancer"
    },
    {
      "id": "Congestive Heart Failure"
    },
    {
      "id": "Recurrent Pulmonary Embolus"
    },
    {
      "id": "Lung Volume Reduction Surgery"
    },
    {
      "id": "Lung Transplant"
    },
    {
      "id": "Underweight (>15%)"
    },
    {
      "id": "Unexplained Weight Loss (>5lb/yr)"
    },
    {
      "id": "Negative exercise study (Stage III/>9 mins/>10 METS, or >6 METS if >70yr)"
    },
    {
      "id": "No progression over 5 years by PFTs (non-smoker only)"
    },
    {
      "id": "Normal CXR or whole body CT within 2 years"
    },
    {
      "id": "Parkinson\u2019s Disease"
    },
    {
      "id": "Dementia or severe cognitive impairment"
    },
    {
      "id": "Frequent falls or fractures"
    },
    {
      "id": "Severe depression or psychosis"
    },
    {
      "id": "Poor compliance with treatment"
    },
    {
      "id": "Severe autonomic dysfunction"
    },
    {
      "id": "Other significant comorbidities"
    },
    {
      "id": "Recurrent hallucinations"
    },
    {
      "id": "Protective Factors"
    },
    {
      "id": "Bariatric Surgery"
    },
    {
      "id": "Hypertension"
    },
    {
      "id": "Significant nutritional deficiency"
    },
    {
      "id": "Abnormal liver function"
    },
    {
      "id": "Stable weight >2 years post-surgery"
    },
    {
      "id": "No complications since surgery"
    },
    {
      "id": "Excellent compliance with supplements and follow-up"
    },
    {
      "id": "Active lifestyle (regular exercise)"
    },
    {
      "id": "Peripheral artery disease"
    },
    {
      "id": "Cerebrovascular disease"
    },
    {
      "id": "Negative exercise study (last 2 years)"
    },
    {
      "id": "Favorable EBCT (last 2 years)"
    },
    {
      "id": "Use of 2+ preventative medications"
    },
    {
      "id": "Excellent compliance and follow-up"
    },
    {
      "id": "Non-smoker (\u226510 years)"
    },
    {
      "id": "Elevated LFTs, no alcohol criticism"
    },
    {
      "id": "Abnormal alcohol marker"
    },
    {
      "id": "Negative history, on long-term Antabuse"
    },
    {
      "id": "History of alcohol abuse, current \"controlled\" drinking"
    },
    {
      "id": "Attending AA or similar program"
    },
    {
      "id": "Sustained abstinence >5 years"
    },
    {
      "id": "Drug Dependence and Addiction"
    },
    {
      "id": "Polysubstance abuse (including alcohol)"
    },
    {
      "id": "One relapse"
    },
    {
      "id": "Two or more relapses"
    },
    {
      "id": "Unstable employment or self-employed (unstable)"
    },
    {
      "id": "Co-morbid psychiatric impairments"
    },
    {
      "id": "Prior felony convictions"
    },
    {
      "id": "Unstable domestic environment"
    },
    {
      "id": "Stable employment and living situation"
    },
    {
      "id": "No relapses in >5 years"
    },
    {
      "id": "Compliance with treatment and follow-up"
    },
    {
      "id": "Supportive social network"
    },
    {
      "id": "Uncontrolled hypertension"
    },
    {
      "id": "Obesity"
    },
    {
      "id": "History of arrhythmia"
    },
    {
      "id": "Pulmonary hypertension"
    },
    {
      "id": "Documented CPAP compliance (>4 hrs/night, >70% nights)"
    },
    {
      "id": "Sustained weight loss (>10% body weight)"
    },
    {
      "id": "No daytime sleepiness, normal Epworth score"
    },
    {
      "id": "No co-morbidities"
    },
    {
      "id": "Non-smoker"
    },
    {
      "id": "LIFE Rating"
    },
    {
      "id": "Hepatitis C"
    },
    {
      "id": "HBV or HIV co-infection"
    },
    {
      "id": "Sustained normal LFTs and low HCV RNA"
    },
    {
      "id": "SVR (sustained virologic response)"
    },
    {
      "id": "Multiple Sclerosis"
    },
    {
      "id": "Bowel or bladder involvement"
    },
    {
      "id": "Brainstem involvement"
    },
    {
      "id": "Cognitive deficits or dementia"
    },
    {
      "id": "Renal insufficiency"
    },
    {
      "id": "Severe disability with frequent infections"
    },
    {
      "id": "Rapidly progressive disease"
    },
    {
      "id": "Suicidal ideation or gestures"
    },
    {
      "id": "Significant medication side effects"
    },
    {
      "id": "Stem cell transplant"
    },
    {
      "id": "No progression for 10+ years, stable MRI"
    },
    {
      "id": "Excellent compliance, no relapses"
    },
    {
      "id": "No disability after 5 years"
    }
  ],
  "links": [
    {
      "text": "No additional debits",
      "source": "Build-Risk Assessment",
      "target": "Family history of premature CVD (<60)"
    },
    {
      "text": "Sum debits",
      "source": "Build-Risk Assessment",
      "target": "With rateable hypertension"
    },
    {
      "text": "Sum debits",
      "source": "Build-Risk Assessment",
      "target": "With diabetes mellitus"
    },
    {
      "text": "Refer to specific impairment",
      "source": "Build-Risk Assessment",
      "target": "Combination with other impairments"
    },
    {
      "text": "Refer to Metabolic Syndrome section",
      "source": "Build-Risk Assessment",
      "target": "Metabolic syndrome"
    },
    {
      "text": "{'Flex Points': {'2': {'Ages 18\u201350': '<4.0', 'Ages 51+': '<5.0'}, '1': {'Ages 18\u201350': '4.1\u20135.0', 'Ages 51+': '5.1\u20135.5'}}}",
      "source": "Build-Risk Assessment",
      "target": "Cholesterol and HDL-C"
    },
    {
      "text": "{'Flex Points': {'2': {'Ages 18\u201350': '<130/85', 'Ages 51+': '<135/85'}, '1': {'Ages 18\u201350': '<135/85', 'Ages 51+': '<140/90'}}}",
      "source": "Build-Risk Assessment",
      "target": "Blood Pressure"
    },
    {
      "text": "{'Flex Points': {'2': {'Ages 51+': 'Age 60+'}, '1': {'Ages 51+': 'Age 51\u201359'}}}",
      "source": "Build-Risk Assessment",
      "target": "TST >9min, >10 METS, negative"
    },
    {
      "text": "{'Flex Points': {'1': {'Ages 51+': 'Age 60+'}}}",
      "source": "Build-Risk Assessment",
      "target": "TST >6\u20139min, >6\u20139 METS, negative"
    },
    {
      "text": "{'Flex Points': {'1': {}}}",
      "source": "Build-Risk Assessment",
      "target": "Thallium stress test/Stress Echo normal"
    },
    {
      "text": "{'9': '4 tables', '7\u20138': '3 tables', '6': '2 tables', '5': '1 table'}",
      "source": "Build-Risk Assessment",
      "target": "Total Points and Number of Credits (Tables)"
    },
    {
      "text": "{'Age Group': {'<55': '3 tables', '>55': '4 tables'}}",
      "source": "Build-Risk Assessment",
      "target": "Maximum credits"
    },
    {
      "text": "{'<7.4': {'No Co-morbidity': '+0', '1 Co-morbidity': '+25', '\u22652 Co-morbidities': '+50'}, '7.5\u20138.5': {'No Co-morbidity': '+50', '1 Co-morbidity': '+75', '\u22652 Co-morbidities': '+100'}, '8.6\u201310.5': {'No Co-morbidity': '+75', '1 Co-morbidity': '+100', '\u22652 Co-morbidities': '+150'}, '>10.5': {'No Co-morbidity': '+100', '1 Co-morbidity': '+150', '\u22652 Co-morbidities': 'Decline'}}",
      "source": "Cholesterol and HDL-C",
      "target": "Chol/HDL-C Ratio"
    },
    {
      "text": "{'Excellent compliance': '-25', 'HDL-C >60 mg/dl': '-25', 'Non-smoker': '-25', 'Documented improvement (>20% drop in Chol/HDL-C ratio)': '-50'}",
      "source": "Cholesterol and HDL-C",
      "target": "Protective Factor"
    },
    {
      "text": "25 or 50",
      "source": "Blood Pressure",
      "target": "Diabetes Mellitus"
    },
    {
      "text": "50",
      "source": "Blood Pressure",
      "target": "Proteinuria"
    },
    {
      "text": "See CAD section",
      "source": "Blood Pressure",
      "target": "Coronary Artery Disease (CAD)"
    },
    {
      "text": "50 or Decline",
      "source": "Blood Pressure",
      "target": "Chronic kidney disease"
    },
    {
      "text": "25",
      "source": "Blood Pressure",
      "target": "Obesity (BMI >35)"
    },
    {
      "text": "25",
      "source": "Blood Pressure",
      "target": "Smoking"
    },
    {
      "text": "50 or Decline",
      "source": "Blood Pressure",
      "target": "Poor medication compliance"
    },
    {
      "text": "50 or Decline",
      "source": "Blood Pressure",
      "target": "End-organ damage"
    },
    {
      "text": "-5",
      "source": "Blood Pressure",
      "target": "Cholesterol and HDL-C"
    },
    {
      "text": "-5",
      "source": "Blood Pressure",
      "target": "Build within standard table"
    },
    {
      "text": "-5 or -10",
      "source": "Blood Pressure",
      "target": "Negative cardiac investigations"
    },
    {
      "text": "{'\u22658 and age <55': '-15', '\u22658 and age \u226555': '-10', '=7 and age <55': '-10', '=7 and age \u226555': '-5'}",
      "source": "Blood Pressure",
      "target": "Total points"
    },
    {
      "text": "{'<55': '-15', '\u226555': '-20'}",
      "source": "Blood Pressure",
      "target": "Age Group"
    },
    {
      "text": "Decline",
      "source": "Ulcerative Collitis",
      "target": "Alcohol Misuse and Alcoholism"
    },
    {
      "text": "Decline",
      "source": "Ulcerative Collitis",
      "target": "Amyloidosis"
    },
    {
      "text": "See severity chart",
      "source": "Ulcerative Collitis",
      "target": "Anemia"
    },
    {
      "text": "LIFE = +0, WP/LTC = Decline",
      "source": "Ulcerative Collitis",
      "target": "Arthritis"
    },
    {
      "text": "Decline (biopsy proven), IC (not proven)",
      "source": "Ulcerative Collitis",
      "target": "Chronic Active Hepatitis"
    },
    {
      "text": "Add debits per severity",
      "source": "Ulcerative Collitis",
      "target": "Depression"
    },
    {
      "text": "IC",
      "source": "Ulcerative Collitis",
      "target": "Elevated CEA"
    },
    {
      "text": "Postpone x 2 years, then rate as severe",
      "source": "Ulcerative Collitis",
      "target": "Fulminant colitis"
    },
    {
      "text": "Postpone",
      "source": "Ulcerative Collitis",
      "target": "High grade dysplasia"
    },
    {
      "text": "Decline",
      "source": "Ulcerative Collitis",
      "target": "Inadequate surveillance"
    },
    {
      "text": "IC, usually decline",
      "source": "Ulcerative Collitis",
      "target": "LFTs >2x normal"
    },
    {
      "text": "IC",
      "source": "Ulcerative Collitis",
      "target": "Low serum albumin (<3 mg)"
    },
    {
      "text": "LIFE = +0, WP/LTC = Decline",
      "source": "Ulcerative Collitis",
      "target": "Ocular lesions"
    },
    {
      "text": "Decline",
      "source": "Ulcerative Collitis",
      "target": "Parenteral alimentation"
    },
    {
      "text": "Decline",
      "source": "Ulcerative Collitis",
      "target": "Sclerosing cholangitis"
    },
    {
      "text": "LIFE = +0, WP/LTC = Standard",
      "source": "Ulcerative Collitis",
      "target": "Skin lesions"
    },
    {
      "text": "Postpone",
      "source": "Ulcerative Collitis",
      "target": "Surgery pending"
    },
    {
      "text": "{'5\u201310%': 'Rate as moderate', '10\u201320%': 'Rate as severe', '>20%': 'Decline'}",
      "source": "Ulcerative Collitis",
      "target": "Underweight"
    },
    {
      "text": "-25",
      "source": "Ulcerative Collitis",
      "target": "Excellent compliance"
    },
    {
      "text": "-25",
      "source": "Ulcerative Collitis",
      "target": "Long remission (>2 years)"
    },
    {
      "text": "-25",
      "source": "Ulcerative Collitis",
      "target": "No extra-intestinal complications"
    },
    {
      "text": "-50",
      "source": "Ulcerative Collitis",
      "target": "Regular colonoscopic surveillance"
    },
    {
      "text": "-25",
      "source": "Ulcerative Collitis",
      "target": "Onset after age 20"
    },
    {
      "text": "See LFTs table",
      "source": "Alcohol Misuse and Alcoholism",
      "target": "Elevated LFTs, no alcohol criticism"
    },
    {
      "text": "{'LFTs normal': 'IC', 'LFTs abnormal': 'Rate as heavy drinking'}",
      "source": "Alcohol Misuse and Alcoholism",
      "target": "Abnormal alcohol marker"
    },
    {
      "text": "IC",
      "source": "Alcohol Misuse and Alcoholism",
      "target": "Negative history, on long-term Antabuse"
    },
    {
      "text": "Usually Decline",
      "source": "Alcohol Misuse and Alcoholism",
      "target": "History of alcohol abuse, current \"controlled\" drinking"
    },
    {
      "text": "-25",
      "source": "Alcohol Misuse and Alcoholism",
      "target": "Attending AA or similar program"
    },
    {
      "text": "-25",
      "source": "Alcohol Misuse and Alcoholism",
      "target": "Sustained abstinence >5 years"
    },
    {
      "text": "-25",
      "source": "Alcohol Misuse and Alcoholism",
      "target": "Stable employment and relationships"
    },
    {
      "text": "{'current': 'Decline', 'within 2 years': 'Postpone', '2\u20135 years': 'Add +60 to +30', '>5 years': 'Add +10 to Std'}",
      "source": "Depression",
      "target": "Alcohol Misuse and Alcoholism"
    },
    {
      "text": "{'mild': 'Std', 'moderate': 'Std', 'severe': 'Postpone or +30'}",
      "source": "Depression",
      "target": "Anxiety"
    },
    {
      "text": "Decline",
      "source": "Depression",
      "target": "Antisocial personality"
    },
    {
      "text": "IC",
      "source": "Depression",
      "target": "Associated eating disorder"
    },
    {
      "text": "IC, rate for cause",
      "source": "Depression",
      "target": "Associated chronic debilitating disorder"
    },
    {
      "text": "Decline",
      "source": "Depression",
      "target": "Associated dementia"
    },
    {
      "text": "Consider excluding aviation",
      "source": "Depression",
      "target": "Aviation"
    },
    {
      "text": "See Bipolar section",
      "source": "Depression",
      "target": "Bipolar Disorder"
    },
    {
      "text": "See CAD section",
      "source": "Depression",
      "target": "Coronary Artery Disease (CAD)"
    },
    {
      "text": "See Bipolar section",
      "source": "Depression",
      "target": "Cyclothymic disorder"
    },
    {
      "text": "IC",
      "source": "Depression",
      "target": "Depression age <18"
    },
    {
      "text": "See Diabetes section",
      "source": "Depression",
      "target": "Diabetes Mellitus"
    },
    {
      "text": "Consider adding +30",
      "source": "Depression",
      "target": "Driving infractions, multiple"
    },
    {
      "text": "{'current': 'Decline', 'within 2 years': 'Postpone', '2\u20135 years': '+60 to +30', '>5 years': '+10 to Std'}",
      "source": "Depression",
      "target": "Gambling disorder"
    },
    {
      "text": "Consider excluding activity if moderate/severe depression",
      "source": "Depression",
      "target": "Hazardous activity"
    },
    {
      "text": "See Postpartum depression",
      "source": "Depression",
      "target": "Pregnant, history of postpartum depression"
    },
    {
      "text": "IC",
      "source": "Depression",
      "target": "Pregnant, currently treated for depression"
    },
    {
      "text": "{'current': 'Decline', 'within 2 years': 'Postpone', '2\u20135 years': '+30 to +60', '>5 years': 'Std to +10'}",
      "source": "Depression",
      "target": "Substance abuse"
    },
    {
      "text": "See Suicide section",
      "source": "Depression",
      "target": "Suicide (any history)"
    },
    {
      "text": "-20",
      "source": "Depression",
      "target": "Excellent compliance, regular follow-up"
    },
    {
      "text": "-20",
      "source": "Depression",
      "target": "Stable employment and relationships"
    },
    {
      "text": "IC all cases",
      "source": "Hodgkin's Lymphoma",
      "target": "Current age >65"
    },
    {
      "text": "{'0\u20135 years': 'Postpone', '>5 years, <60': 'IC (min. +150)', '>5 years, >60': 'IC (usually decline)'}",
      "source": "Hodgkin's Lymphoma",
      "target": "Bone marrow/stem cell transplant"
    },
    {
      "text": "Add minimum +120",
      "source": "Hodgkin's Lymphoma",
      "target": "Mild, well-controlled rejection"
    },
    {
      "text": "{'one, complete remission': 'Rate from recurrence +70', 'More than one recurrence': 'Decline'}",
      "source": "Hodgkin's Lymphoma",
      "target": "Recurrence"
    },
    {
      "text": "Decline",
      "source": "Hodgkin's Lymphoma",
      "target": "Partial remission only"
    },
    {
      "text": "Decline",
      "source": "Hodgkin's Lymphoma",
      "target": "Unexplained weight loss, fever, night sweats"
    },
    {
      "text": "Decline",
      "source": "Hodgkin's Lymphoma",
      "target": "Abnormal labwork (LFT, CBC, ESR, etc.)"
    },
    {
      "text": "Consider +70",
      "source": "Hodgkin's Lymphoma",
      "target": "Smoking, heavy (>1 pack/day)"
    },
    {
      "text": "Postpone",
      "source": "Hodgkin's Lymphoma",
      "target": "Unexplained lymphadenopathy"
    },
    {
      "text": "IC",
      "source": "Hodgkin's Lymphoma",
      "target": "History of life-threatening infections (2 yrs)"
    },
    {
      "text": "Decline",
      "source": "Hodgkin's Lymphoma",
      "target": "Post-treatment AML"
    },
    {
      "text": "IC, consider decline",
      "source": "Hodgkin's Lymphoma",
      "target": "Post-treatment solid tumor"
    },
    {
      "text": "IC for possible offer",
      "source": "Hodgkin's Lymphoma",
      "target": "Remission >10 years, previously declined"
    },
    {
      "text": "-70",
      "source": "Hodgkin's Lymphoma",
      "target": "Chemotherapy only, 15 years post-treatment, no leukemia"
    },
    {
      "text": "-30",
      "source": "Hodgkin's Lymphoma",
      "target": "Excellent compliance, regular follow-up"
    },
    {
      "text": "Add +50 (IC)",
      "source": "Coronary Artery Disease (CAD)",
      "target": "Mild PAD"
    },
    {
      "text": "Decline",
      "source": "Coronary Artery Disease (CAD)",
      "target": "Moderate/Severe PAD/Smoker"
    },
    {
      "text": "Usually decline (IC)",
      "source": "Coronary Artery Disease (CAD)",
      "target": "Diabetes Mellitus"
    },
    {
      "text": "Decline",
      "source": "Coronary Artery Disease (CAD)",
      "target": "CHF"
    },
    {
      "text": "Decline",
      "source": "Coronary Artery Disease (CAD)",
      "target": "Chronic Obstructive Pulmonary Disease (COPD)"
    },
    {
      "text": "{'eGFR 30-49': '+50', 'eGFR <30': 'Decline'}",
      "source": "Coronary Artery Disease (CAD)",
      "target": "Chronic renal failure"
    },
    {
      "text": "Decline",
      "source": "Coronary Artery Disease (CAD)",
      "target": "Depression"
    },
    {
      "text": "-15",
      "source": "Coronary Artery Disease (CAD)",
      "target": "BP/Lipids within range (2 years)"
    },
    {
      "text": "-25",
      "source": "Coronary Artery Disease (CAD)",
      "target": "Negative exercise study (last 2 years, >10 METS)"
    },
    {
      "text": "-25",
      "source": "Coronary Artery Disease (CAD)",
      "target": "No disease progression (5 years)"
    },
    {
      "text": "-10",
      "source": "Coronary Artery Disease (CAD)",
      "target": "Pro-BNP normal (last 12 months)"
    },
    {
      "text": "-10",
      "source": "Coronary Artery Disease (CAD)",
      "target": "Use of 2+ cardiac medications"
    },
    {
      "text": "-15",
      "source": "Coronary Artery Disease (CAD)",
      "target": "4+ healthy lifestyle criteria"
    },
    {
      "text": "Decline",
      "source": "Diabetes Mellitus",
      "target": "Alcohol Misuse and Alcoholism"
    },
    {
      "text": "{'BMI 30\u201334.9': '+20', 'BMI 35\u201339.9': '+40', 'BMI \u226540': '+80 or Decline'}",
      "source": "Diabetes Mellitus",
      "target": "Build-Risk Assessment"
    },
    {
      "text": "See CAD section",
      "source": "Diabetes Mellitus",
      "target": "Coronary Artery Disease (CAD)"
    },
    {
      "text": "+40 (mild), Decline (moderate/severe)",
      "source": "Diabetes Mellitus",
      "target": "Peripheral artery disease"
    },
    {
      "text": "See CVD section",
      "source": "Diabetes Mellitus",
      "target": "Cerebrovascular disease"
    },
    {
      "text": "{'mild': '+0', 'moderate': '+30', 'severe': 'Decline'}",
      "source": "Diabetes Mellitus",
      "target": "Depression"
    },
    {
      "text": "{'controlled': '+20', 'uncontrolled': '+60 or Decline'}",
      "source": "Diabetes Mellitus",
      "target": "Hypertension"
    },
    {
      "text": "{'controlled': '+10', 'uncontrolled': '+30'}",
      "source": "Diabetes Mellitus",
      "target": "Hyperlipidemia"
    },
    {
      "text": "{'\u22641 pack/day': 'Smoker rates', '>1 pack/day': '+30 to +50'}",
      "source": "Diabetes Mellitus",
      "target": "Smoking"
    },
    {
      "text": "-10",
      "source": "Diabetes Mellitus",
      "target": "BP/Lipids within range (2 years)"
    },
    {
      "text": "-20",
      "source": "Diabetes Mellitus",
      "target": "Negative exercise study (last 2 years)"
    },
    {
      "text": "-10",
      "source": "Diabetes Mellitus",
      "target": "Favorable EBCT (last 2 years)"
    },
    {
      "text": "-10",
      "source": "Diabetes Mellitus",
      "target": "Use of 2+ preventative medications"
    },
    {
      "text": "-20",
      "source": "Diabetes Mellitus",
      "target": "Excellent compliance and follow-up"
    },
    {
      "text": "-10",
      "source": "Diabetes Mellitus",
      "target": "Non-smoker (\u226510 years)"
    },
    {
      "text": "+30 up",
      "source": "Chronic Obstructive Pulmonary Disease (COPD)",
      "target": "Steroid complications"
    },
    {
      "text": "See Alpha-1 section",
      "source": "Chronic Obstructive Pulmonary Disease (COPD)",
      "target": "Alpha-1 Antitrypsin Deficiency"
    },
    {
      "text": "Decline",
      "source": "Chronic Obstructive Pulmonary Disease (COPD)",
      "target": "Pulmonary Hypertension"
    },
    {
      "text": "Decline",
      "source": "Chronic Obstructive Pulmonary Disease (COPD)",
      "target": "Cor Pulmonale"
    },
    {
      "text": "Decline",
      "source": "Chronic Obstructive Pulmonary Disease (COPD)",
      "target": "Home O2 use"
    },
    {
      "text": "{'Mild': 'Sum debits', 'Mod': 'IC', 'Severe': 'Decline'}",
      "source": "Chronic Obstructive Pulmonary Disease (COPD)",
      "target": "History of Lung Cancer"
    },
    {
      "text": "Decline",
      "source": "Chronic Obstructive Pulmonary Disease (COPD)",
      "target": "Congestive Heart Failure"
    },
    {
      "text": "{'>50yr': 'Sum debits', '<50yr': 'Decline'}",
      "source": "Chronic Obstructive Pulmonary Disease (COPD)",
      "target": "Coronary Artery Disease (CAD)"
    },
    {
      "text": "{'Mild': 'Sum debits', 'Mod/Severe': 'Decline'}",
      "source": "Chronic Obstructive Pulmonary Disease (COPD)",
      "target": "Sleep Apnea"
    },
    {
      "text": "Decline",
      "source": "Chronic Obstructive Pulmonary Disease (COPD)",
      "target": "Recurrent Pulmonary Embolus"
    },
    {
      "text": "Decline",
      "source": "Chronic Obstructive Pulmonary Disease (COPD)",
      "target": "Non-compliance with therapy"
    },
    {
      "text": "Decline",
      "source": "Chronic Obstructive Pulmonary Disease (COPD)",
      "target": "Lung Volume Reduction Surgery"
    },
    {
      "text": "Decline",
      "source": "Chronic Obstructive Pulmonary Disease (COPD)",
      "target": "Lung Transplant"
    },
    {
      "text": "IC",
      "source": "Chronic Obstructive Pulmonary Disease (COPD)",
      "target": "Underweight (>15%)"
    },
    {
      "text": "IC",
      "source": "Chronic Obstructive Pulmonary Disease (COPD)",
      "target": "Unexplained Weight Loss (>5lb/yr)"
    },
    {
      "text": "IC, reconsider severity",
      "source": "Chronic Obstructive Pulmonary Disease (COPD)",
      "target": "Negative exercise study (Stage III/>9 mins/>10 METS, or >6 METS if >70yr)"
    },
    {
      "text": "-10",
      "source": "Chronic Obstructive Pulmonary Disease (COPD)",
      "target": "No progression over 5 years by PFTs (non-smoker only)"
    },
    {
      "text": "-5",
      "source": "Chronic Obstructive Pulmonary Disease (COPD)",
      "target": "Normal CXR or whole body CT within 2 years"
    },
    {
      "text": "{'current': 'Decline', 'within 2 years': 'Postpone', '2\u20135 years': 'Add +75 to +25', '>5 years': 'Add +10 to Std'}",
      "source": "Bipolar Disorder",
      "target": "Substance abuse"
    },
    {
      "text": "{'mild': 'Std', 'moderate': 'Std', 'severe': 'Postpone or +25'}",
      "source": "Bipolar Disorder",
      "target": "Anxiety"
    },
    {
      "text": "Decline",
      "source": "Bipolar Disorder",
      "target": "Antisocial personality"
    },
    {
      "text": "IC",
      "source": "Bipolar Disorder",
      "target": "Associated eating disorder"
    },
    {
      "text": "IC, rate for cause",
      "source": "Bipolar Disorder",
      "target": "Associated chronic debilitating disorder"
    },
    {
      "text": "Decline",
      "source": "Bipolar Disorder",
      "target": "Associated dementia"
    },
    {
      "text": "See Suicide section",
      "source": "Bipolar Disorder",
      "target": "History of suicide ideation/attempt"
    },
    {
      "text": "-15",
      "source": "Bipolar Disorder",
      "target": "Excellent compliance, regular follow-up"
    },
    {
      "text": "-15",
      "source": "Bipolar Disorder",
      "target": "Stable employment and relationships"
    },
    {
      "text": "-25",
      "source": "Bipolar Disorder",
      "target": "Stable >10 years without serious complications"
    },
    {
      "text": "{'LIFE': '+85', 'WP': 'IC', 'ADB': 'IC', 'LTC': 'Decline'}",
      "source": "Osteoarthritis",
      "target": "Pending or recommended surgery"
    },
    {
      "text": "{'LIFE': 'Add build rating', 'WP': 'Decline', 'ADB': 'Decline', 'LTC': 'Decline'}",
      "source": "Osteoarthritis",
      "target": "Ratable build"
    },
    {
      "text": "{'LIFE': 'Add +35 to +60', 'WP': 'IC', 'ADB': 'IC', 'LTC': 'IC'}",
      "source": "Osteoarthritis",
      "target": "Diabetes or cardiovascular disease"
    },
    {
      "text": "{'LIFE': '+60', 'WP': 'Decline', 'ADB': 'Decline', 'LTC': 'Decline'}",
      "source": "Osteoarthritis",
      "target": "Use of chronic opioids"
    },
    {
      "text": "{'LIFE': 'IC', 'WP': 'IC', 'ADB': 'IC', 'LTC': 'IC'}",
      "source": "Osteoarthritis",
      "target": "Non-compliance with therapy"
    },
    {
      "text": "{'LIFE': 'Decline', 'WP': 'Decline', 'ADB': 'Decline', 'LTC': 'Decline'}",
      "source": "Osteoarthritis",
      "target": "Use of wheelchair or bedridden"
    },
    {
      "text": "{'Good compliance with therapy': '-30', 'Successful joint replacement with full recovery': '-55'}",
      "source": "Osteoarthritis",
      "target": "Credits for Protective Factors"
    },
    {
      "text": "Rate as Atrial Fibrillation, usually higher rating",
      "source": "Atrial Flutter",
      "target": "Underlying cardiac disease"
    },
    {
      "text": "Rate as Atrial Fibrillation, usually higher rating",
      "source": "Atrial Flutter",
      "target": "Heart failure"
    },
    {
      "text": "Rate as Atrial Fibrillation, usually higher rating",
      "source": "Atrial Flutter",
      "target": "Valvular disease"
    },
    {
      "text": "Add debits as per Atrial Fibrillation chapter",
      "source": "Atrial Flutter",
      "target": "Diabetes Mellitus, hypertension, Chronic Obstructive Pulmonary Disease (COPD)"
    },
    {
      "text": "{'LIFE': 'Decline', 'WP': 'Decline', 'ADB': 'Decline', 'LTC': 'Decline'}",
      "source": "Atrial Flutter",
      "target": "Alcohol Misuse and Alcoholism"
    },
    {
      "text": "-25",
      "source": "Atrial Flutter",
      "target": "Anticoagulation >6 months, compliant"
    },
    {
      "text": "-25",
      "source": "Atrial Flutter",
      "target": "Well-controlled BP and lipids >2 years"
    },
    {
      "text": "-25",
      "source": "Atrial Flutter",
      "target": "No symptoms, stable for >3 years"
    },
    {
      "text": "-25",
      "source": "Atrial Flutter",
      "target": "Successful ablation, no recurrence >1 year"
    },
    {
      "text": "-25",
      "source": "Atrial Flutter",
      "target": "Non-smoker, healthy BMI"
    },
    {
      "text": "{'currently drinking': {'LIFE': 'Decline', 'WP': 'Decline', 'ADB': 'Decline', 'LTC': 'Decline'}, 'abstinent \u22652 years': {'LIFE': 'Add to AF rating', 'WP': '1.6x up', 'ADB': '1.6x up', 'LTC': 'LIFE Rating up to +85, otherwise Decline'}}",
      "source": "Atrial Fibrillation",
      "target": "Alcohol Misuse and Alcoholism"
    },
    {
      "text": "{'+0 to +65': {'LIFE': 'Sum Debits', 'WP': '1.6x up', 'ADB': '1.6x up', 'LTC': 'LIFE Rating up to +85, otherwise Decline'}, '+65 to +120': {'LIFE': 'IC, add +65', 'WP': 'Decline', 'ADB': 'Decline', 'LTC': 'Decline'}, '>+120': {'LIFE': 'Decline', 'WP': 'Decline', 'ADB': 'Decline', 'LTC': 'Decline'}}",
      "source": "Atrial Fibrillation",
      "target": "Blood Pressure"
    },
    {
      "text": "{'+0 to +120': {'LIFE': 'Sum Rating', 'WP': 'LIFE Rating up to +85, otherwise Decline', 'ADB': 'LIFE Rating up to +85, otherwise Decline', 'LTC': 'LIFE Rating up to +85, otherwise Decline'}, '>+120': {'LIFE': 'IC/Decline', 'WP': 'Decline', 'ADB': 'Decline', 'LTC': 'Decline'}}",
      "source": "Atrial Fibrillation",
      "target": "Build rating"
    },
    {
      "text": "{'current': {'LIFE': 'Postpone', 'WP': 'Postpone', 'ADB': 'Postpone', 'LTC': 'Decline'}, 'resolved': {'LIFE': 'Rate as above', 'WP': 'Rate as above', 'ADB': 'Rate as above', 'LTC': 'Rate as above'}}",
      "source": "Atrial Fibrillation",
      "target": "Cardiomyopathy"
    },
    {
      "text": "{'LIFE': 'Decline', 'WP': 'Decline', 'ADB': 'Decline', 'LTC': 'Decline'}",
      "source": "Atrial Fibrillation",
      "target": "Chronic renal failure"
    },
    {
      "text": "{'LIFE': 'IC', 'WP': 'IC', 'ADB': 'IC', 'LTC': 'IC'}",
      "source": "Atrial Fibrillation",
      "target": "Coagulation disorder"
    },
    {
      "text": "{'LIFE': 'Decline', 'WP': 'Decline', 'ADB': 'Decline', 'LTC': 'Decline'}",
      "source": "Atrial Fibrillation",
      "target": "Congestive heart failure"
    },
    {
      "text": "{'mild': {'LIFE': '+0', 'WP': '1.6x up', 'ADB': '1.6x up', 'LTC': 'LIFE Rating up to +85, otherwise Decline'}, 'moderate': {'LIFE': 'Add +65', 'WP': 'Decline', 'ADB': 'Decline', 'LTC': 'Decline'}, 'severe': {'LIFE': 'Decline', 'WP': 'Decline', 'ADB': 'Decline', 'LTC': 'Decline'}}",
      "source": "Atrial Fibrillation",
      "target": "Chronic Obstructive Pulmonary Disease (COPD)"
    },
    {
      "text": "{'LIFE': 'See CAD section', 'WP': 'Decline', 'ADB': 'Decline', 'LTC': 'Decline'}",
      "source": "Atrial Fibrillation",
      "target": "Coronary Artery Disease (CAD)"
    },
    {
      "text": "{'fully investigated, PAF': {'LIFE': 'No additional rating', 'WP': 'No additional rating', 'ADB': 'No additional rating', 'LTC': 'No additional rating'}, 'fully investigated, CAF': {'LIFE': 'Sum debits', 'WP': 'Decline', 'ADB': 'Decline', 'LTC': 'LIFE Rating up to +85, otherwise Decline'}, 'uninvestigated': {'LIFE': 'Postpone for investigations', 'WP': 'Postpone', 'ADB': 'Postpone', 'LTC': 'Postpone'}}",
      "source": "Atrial Fibrillation",
      "target": "Diabetes Mellitus"
    },
    {
      "text": "{'LIFE': 'See Echo section', 'WP': 'See Echo section', 'ADB': 'See Echo section', 'LTC': 'See Echo section'}",
      "source": "Atrial Fibrillation",
      "target": "Echocardiogram, abnormal"
    },
    {
      "text": "{'LIFE': 'IC', 'WP': 'IC', 'ADB': 'IC', 'LTC': 'IC'}",
      "source": "Atrial Fibrillation",
      "target": "GI bleed, history of"
    },
    {
      "text": "{'LIFE': 'IC', 'WP': 'IC', 'ADB': 'IC', 'LTC': 'IC'}",
      "source": "Atrial Fibrillation",
      "target": "Heart rate >100 at rest"
    },
    {
      "text": "{'LIFE': 'See Stroke section', 'WP': 'Decline', 'ADB': 'Decline', 'LTC': 'Decline'}",
      "source": "Atrial Fibrillation",
      "target": "Stroke, Ischemic and TIA"
    },
    {
      "text": "{'CAD complication': {'LIFE': 'Decline', 'WP': 'Decline', 'ADB': 'Decline', 'LTC': 'Decline'}, 'other': {'LIFE': 'See Pacemaker section', 'WP': 'See Pacemaker section', 'ADB': 'See Pacemaker section', 'LTC': 'See Pacemaker section'}}",
      "source": "Atrial Fibrillation",
      "target": "Pacemaker"
    },
    {
      "text": "{'CAD ruled out': {'LIFE': 'See PAD section', 'WP': 'Decline', 'ADB': 'Decline', 'LTC': 'Decline'}, 'CAD not investigated': {'LIFE': 'Postpone for investigations', 'WP': 'Decline', 'ADB': 'Decline', 'LTC': 'Decline'}}",
      "source": "Atrial Fibrillation",
      "target": "PAD"
    },
    {
      "text": "{'LIFE': 'Postpone for cardiac investigations', 'WP': 'Decline', 'ADB': 'Decline', 'LTC': 'Decline'}",
      "source": "Atrial Fibrillation",
      "target": "TST positive"
    },
    {
      "text": "{'LIFE': 'See Valve section', 'WP': 'Decline', 'ADB': 'Decline', 'LTC': 'Decline'}",
      "source": "Atrial Fibrillation",
      "target": "Valvular disease"
    },
    {
      "text": "{'treated with ablation': {'LIFE': 'Rate as ablation above', 'WP': 'Rate as ablation above', 'ADB': 'Rate as ablation above', 'LTC': 'Rate as ablation above'}, 'others': {'LIFE': 'Rate as PAF or CAF', 'WP': 'Rate as PAF or CAF', 'ADB': 'Rate as PAF or CAF', 'LTC': 'Rate as PAF or CAF'}}",
      "source": "Atrial Fibrillation",
      "target": "WPW syndrome"
    },
    {
      "text": "{'LIFE': 'Decline', 'WP': 'Decline', 'ADB': 'Decline', 'LTC': 'Decline'}",
      "source": "Atrial Fibrillation",
      "target": "Ventricular tachycardia"
    },
    {
      "text": "{'chronic, TIA >3yr, no CVD': 'Add +60 to +80', 'chronic, others': 'Decline', 'paroxysmal': 'IC'}",
      "source": "Stroke, Ischemic and TIA",
      "target": "Atrial Fibrillation"
    },
    {
      "text": "{'without surgery': 'Rate as Mild Stroke', 'with surgery, no deficit (<6mo)': 'Postpone', 'with surgery, no deficit (6-12mo)': '+60', 'with surgery, no deficit (>12mo)': 'Standard'}",
      "source": "Stroke, Ischemic and TIA",
      "target": "ASD"
    },
    {
      "text": "{'+0 to +60': 'Sum debits', '>+60': 'Decline'}",
      "source": "Stroke, Ischemic and TIA",
      "target": "Blood Pressure"
    },
    {
      "text": "{'+0 to +110': 'Sum debits', '>+110': 'IC/Decline'}",
      "source": "Stroke, Ischemic and TIA",
      "target": "Build-Risk Assessment"
    },
    {
      "text": "Rate as endarterectomy +30",
      "source": "Stroke, Ischemic and TIA",
      "target": "Carotid stenting"
    },
    {
      "text": "{'mild': 'IC', 'moderate/severe': 'Decline'}",
      "source": "Stroke, Ischemic and TIA",
      "target": "Chronic Obstructive Pulmonary Disease (COPD)"
    },
    {
      "text": "{'mild': 'IC', 'moderate/severe': 'Decline'}",
      "source": "Stroke, Ischemic and TIA",
      "target": "Coronary Artery Disease (CAD)"
    },
    {
      "text": "{'type 1': 'Decline', 'type 2, good control, no CAD': 'Sum debits +60', 'type 2, otherwise': 'Decline'}",
      "source": "Stroke, Ischemic and TIA",
      "target": "Diabetes Mellitus"
    },
    {
      "text": "{'mild': '+0', 'moderate': '+80', 'severe': 'Decline'}",
      "source": "Stroke, Ischemic and TIA",
      "target": "Depression"
    },
    {
      "text": "{'(<6mo)': 'Postpone', '(>6mo)': 'TIA/Stroke rating +60'}",
      "source": "Stroke, Ischemic and TIA",
      "target": "Endarterectomy"
    },
    {
      "text": "{'+0 to +60': 'Sum debits', '>+60': 'Decline'}",
      "source": "Stroke, Ischemic and TIA",
      "target": "Hyperlipidemia"
    },
    {
      "text": "{'(<6mo)': 'Postpone', '(>6mo, no deficits)': '+0', '(otherwise)': 'Rate as Stroke'}",
      "source": "Stroke, Ischemic and TIA",
      "target": "Medication-caused event"
    },
    {
      "text": "{'no surgery': 'Rate as Mild Stroke', 'surgery, no deficit <6mo': 'Postpone', 'surgery, no deficit 6-12mo': '+60', 'surgery, no deficit >12mo': 'Standard'}",
      "source": "Stroke, Ischemic and TIA",
      "target": "Patent foramen ovale"
    },
    {
      "text": "{'mild': 'IC', 'moderate/severe': 'Decline'}",
      "source": "Stroke, Ischemic and TIA",
      "target": "Peripheral arterial disease"
    },
    {
      "text": "{'TIA >1': 'Postpone 1yr, +60', 'TGA >2': 'Postpone 6mo, +60', 'Stroke >1': 'Decline'}",
      "source": "Stroke, Ischemic and TIA",
      "target": "Recurrence"
    },
    {
      "text": "{'mild, well controlled 2yr': '+0', 'moderate, well controlled 2yr': '+60', 'severe, well controlled 2yr': 'IC'}",
      "source": "Stroke, Ischemic and TIA",
      "target": "Sleep Apnea"
    },
    {
      "text": "IC/Decline",
      "source": "Stroke, Ischemic and TIA",
      "target": "Stress ECG positive"
    },
    {
      "text": "See TBI",
      "source": "Stroke, Ischemic and TIA",
      "target": "Traumatic cause"
    },
    {
      "text": "-20",
      "source": "Stroke, Ischemic and TIA",
      "target": "BP/Lipids within range (2 years)"
    },
    {
      "text": "-30 or -55",
      "source": "Stroke, Ischemic and TIA",
      "target": "Negative exercise stress test"
    },
    {
      "text": "-30",
      "source": "Stroke, Ischemic and TIA",
      "target": "No disease progression (carotid US/MRI, 2 years)"
    },
    {
      "text": "-15",
      "source": "Stroke, Ischemic and TIA",
      "target": "Pro-BNP normal (last 12 months)"
    },
    {
      "text": "-15",
      "source": "Stroke, Ischemic and TIA",
      "target": "Use of 2+ protective medications"
    },
    {
      "text": "-20",
      "source": "Stroke, Ischemic and TIA",
      "target": "Meets 4+ healthy lifestyle criteria"
    },
    {
      "text": "{'mild': '+30', 'moderate': '+60', 'severe': '+90'}",
      "source": "Generalized Anxiety Disorder",
      "target": "With depression"
    },
    {
      "text": "Decline",
      "source": "Generalized Anxiety Disorder",
      "target": "With substance use disorder"
    },
    {
      "text": "Decline",
      "source": "Generalized Anxiety Disorder",
      "target": "History of suicide attempt"
    },
    {
      "text": "Decline",
      "source": "Generalized Anxiety Disorder",
      "target": "Frequent hospitalizations"
    },
    {
      "text": "Decline",
      "source": "Generalized Anxiety Disorder",
      "target": "Non-compliance with treatment"
    },
    {
      "text": "See Bipolar section",
      "source": "Generalized Anxiety Disorder",
      "target": "Bipolar Disorder"
    },
    {
      "text": "IC",
      "source": "Generalized Anxiety Disorder",
      "target": "Eating disorder"
    },
    {
      "text": "IC or Decline",
      "source": "Generalized Anxiety Disorder",
      "target": "Personality disorder"
    },
    {
      "text": "-20",
      "source": "Generalized Anxiety Disorder",
      "target": "Excellent compliance, regular follow-up"
    },
    {
      "text": "-20",
      "source": "Generalized Anxiety Disorder",
      "target": "Stable employment and relationships"
    },
    {
      "text": "-10",
      "source": "Generalized Anxiety Disorder",
      "target": "No hospitalizations, no work loss"
    },
    {
      "text": "Decline",
      "source": "Asthma",
      "target": "Alcohol Misuse and Alcoholism"
    },
    {
      "text": "{'mild': '+0', 'moderate': 'Add +45 to +90', 'severe': 'IC'}",
      "source": "Asthma",
      "target": "Bronchiectasis"
    },
    {
      "text": "Decline",
      "source": "Asthma",
      "target": "Cardiac asthma"
    },
    {
      "text": "{'minimal/mild asthma': 'Rate for COPD', 'moderate/severe asthma': 'Rate COPD and add +45 to decline for asthma'}",
      "source": "Asthma",
      "target": "Chronic Obstructive Pulmonary Disease (COPD)"
    },
    {
      "text": "{'minimal/mild asthma': '+0', 'moderate/severe asthma': 'IC'}",
      "source": "Asthma",
      "target": "Coronary Artery Disease (CAD)"
    },
    {
      "text": "IC",
      "source": "Asthma",
      "target": "Evidence of non-compliance"
    },
    {
      "text": "{'<2 yrs': 'Postpone', '>2 yrs': 'Rate as severe'}",
      "source": "Asthma",
      "target": "Life-threatening episode"
    },
    {
      "text": "{'minimal/mild/moderate asthma': 'Add +45 to +90', 'severe asthma': 'Decline'}",
      "source": "Asthma",
      "target": "Psychiatric disorder"
    },
    {
      "text": "Rate according to last 5 years severity",
      "source": "Asthma",
      "target": "Remote history only (>10 yrs)"
    },
    {
      "text": "Add +45",
      "source": "Asthma",
      "target": "Underweight >15%"
    },
    {
      "text": "Rate as per CKD",
      "source": "Iron Deficiency Anemia",
      "target": "Chronic kidney disease"
    },
    {
      "text": "Decline",
      "source": "Iron Deficiency Anemia",
      "target": "Malignancy"
    },
    {
      "text": "IC",
      "source": "Iron Deficiency Anemia",
      "target": "Chronic GI disease (e.g., IBD)"
    },
    {
      "text": "IC",
      "source": "Iron Deficiency Anemia",
      "target": "Ongoing blood loss"
    },
    {
      "text": "IC",
      "source": "Iron Deficiency Anemia",
      "target": "Heart failure"
    },
    {
      "text": "IC",
      "source": "Iron Deficiency Anemia",
      "target": "Severe malabsorption"
    },
    {
      "text": "-10",
      "source": "Iron Deficiency Anemia",
      "target": "Excellent compliance, regular follow-up"
    },
    {
      "text": "-15",
      "source": "Iron Deficiency Anemia",
      "target": "Full correction and stable hemoglobin"
    },
    {
      "text": "+40",
      "source": "Sleep Apnea",
      "target": "Uncontrolled hypertension"
    },
    {
      "text": "See CAD section",
      "source": "Sleep Apnea",
      "target": "Coronary Artery Disease (CAD)"
    },
    {
      "text": "Decline",
      "source": "Sleep Apnea",
      "target": "Heart failure"
    },
    {
      "text": "+80 or Decline",
      "source": "Sleep Apnea",
      "target": "Stroke, Ischemic and TIA"
    },
    {
      "text": "+20 to +40",
      "source": "Sleep Apnea",
      "target": "Diabetes Mellitus"
    },
    {
      "text": "{'BMI 35\u201339.9': '+20', 'BMI \u226540': '+40 to +80'}",
      "source": "Sleep Apnea",
      "target": "Obesity"
    },
    {
      "text": "Decline",
      "source": "Sleep Apnea",
      "target": "Non-compliance with therapy"
    },
    {
      "text": "+30",
      "source": "Sleep Apnea",
      "target": "History of arrhythmia"
    },
    {
      "text": "Decline",
      "source": "Sleep Apnea",
      "target": "Pulmonary hypertension"
    },
    {
      "text": "-20",
      "source": "Sleep Apnea",
      "target": "Documented CPAP compliance (>4 hrs/night, >70% nights)"
    },
    {
      "text": "-20",
      "source": "Sleep Apnea",
      "target": "Sustained weight loss (>10% body weight)"
    },
    {
      "text": "-20",
      "source": "Sleep Apnea",
      "target": "No daytime sleepiness, normal Epworth score"
    },
    {
      "text": "-20",
      "source": "Sleep Apnea",
      "target": "No co-morbidities"
    },
    {
      "text": "-20",
      "source": "Sleep Apnea",
      "target": "Non-smoker"
    },
    {
      "text": "{'Standard': {'WP': 'Standard', 'ADB': 'Standard', 'LTC': 'Standard'}, '+20 to +40': {'WP': 'Decline', 'ADB': '1.5x', 'LTC': 'Decline'}, '+60 to +80': {'WP': 'Decline', 'ADB': '2x', 'LTC': 'Decline'}, '>+80': {'WP': 'Decline', 'ADB': 'Decline', 'LTC': 'Decline'}, 'Non-compliant': {'WP': 'Decline', 'ADB': 'Decline', 'LTC': 'Decline'}}",
      "source": "Sleep Apnea",
      "target": "LIFE Rating"
    },
    {
      "text": "Decline",
      "source": "Epilepsy",
      "target": "Poor compliance with medications"
    },
    {
      "text": "Decline",
      "source": "Epilepsy",
      "target": "Alcohol Misuse and Alcoholism"
    },
    {
      "text": "IC, usually +50",
      "source": "Epilepsy",
      "target": "Depression"
    },
    {
      "text": "IC, usually +75",
      "source": "Epilepsy",
      "target": "History of suicide attempt"
    },
    {
      "text": "IC, usually +50",
      "source": "Epilepsy",
      "target": "Frequent accidents"
    },
    {
      "text": "IC, usually +50",
      "source": "Epilepsy",
      "target": "Hazardous avocations"
    },
    {
      "text": "IC, usually +25",
      "source": "Epilepsy",
      "target": "Surgery for epilepsy"
    },
    {
      "text": "-30",
      "source": "Epilepsy",
      "target": "Excellent compliance, seizure-free >3 yrs"
    },
    {
      "text": "-20",
      "source": "Epilepsy",
      "target": "No accidents/injuries, stable employment"
    },
    {
      "text": "-20",
      "source": "Epilepsy",
      "target": "Supportive social/family environment"
    },
    {
      "text": "Rate as per chronic hepatitis section",
      "source": "Hepatitis A",
      "target": "Chronic hepatitis B or C"
    },
    {
      "text": "Decline",
      "source": "Hepatitis A",
      "target": "Cirrhosis or chronic liver disease"
    },
    {
      "text": "IC",
      "source": "Hepatitis A",
      "target": "Immunosuppression"
    },
    {
      "text": "+50 to Decline",
      "source": "Hepatitis A",
      "target": "Multiple episodes of hepatitis"
    },
    {
      "text": "Add +25 to Decline",
      "source": "Hepatitis A",
      "target": "Alcohol Misuse and Alcoholism"
    },
    {
      "text": "Add +25",
      "source": "Hepatitis A",
      "target": "Diabetes Mellitus"
    },
    {
      "text": "-15",
      "source": "Hepatitis A",
      "target": "Documented vaccination"
    },
    {
      "text": "-15",
      "source": "Hepatitis A",
      "target": "Excellent compliance, regular follow-up"
    },
    {
      "text": "-10",
      "source": "Hepatitis A",
      "target": "No underlying liver disease"
    },
    {
      "text": "Decline",
      "source": "Hepatitis B",
      "target": "HDV or HCV co-infection"
    },
    {
      "text": "Decline (IC if only mild biopsy findings)",
      "source": "Hepatitis B",
      "target": "Alcohol Misuse and Alcoholism"
    },
    {
      "text": "Decline",
      "source": "Hepatitis B",
      "target": "Elevated alpha-fetoprotein"
    },
    {
      "text": "Decline",
      "source": "Hepatitis B",
      "target": "Abdominal imaging suggestive of cirrhosis/mass"
    },
    {
      "text": "IC",
      "source": "Hepatitis B",
      "target": "Clinical findings of chronic liver disease"
    },
    {
      "text": "IC",
      "source": "Hepatitis B",
      "target": "Extra-hepatic manifestations"
    },
    {
      "text": "Decline",
      "source": "Hepatitis B",
      "target": "Cirrhosis"
    },
    {
      "text": "Rate as no biopsy",
      "source": "Hepatitis B",
      "target": "Liver biopsy >5 years old"
    },
    {
      "text": "IC (adjust for progression)",
      "source": "Hepatitis B",
      "target": "Serial biopsies"
    },
    {
      "text": "-25",
      "source": "Hepatitis B",
      "target": "Excellent compliance, regular follow-up"
    },
    {
      "text": "-25",
      "source": "Hepatitis B",
      "target": "Sustained normal LFTs and low HBV DNA"
    },
    {
      "text": "-50",
      "source": "Hepatitis B",
      "target": "Full response to treatment (HBV DNA neg, HBsAg neg, anti-HBe pos, LFTs normal)"
    },
    {
      "text": "Decline",
      "source": "Parkinson\u2019s Disease",
      "target": "Dementia or severe cognitive impairment"
    },
    {
      "text": "Decline",
      "source": "Parkinson\u2019s Disease",
      "target": "Frequent falls or fractures"
    },
    {
      "text": "IC or Decline",
      "source": "Parkinson\u2019s Disease",
      "target": "Severe depression or psychosis"
    },
    {
      "text": "Decline",
      "source": "Parkinson\u2019s Disease",
      "target": "Poor compliance with treatment"
    },
    {
      "text": "Decline",
      "source": "Parkinson\u2019s Disease",
      "target": "Severe autonomic dysfunction"
    },
    {
      "text": "IC",
      "source": "Parkinson\u2019s Disease",
      "target": "Other significant comorbidities"
    },
    {
      "text": "{'mild': '+20', 'moderate': '+50', 'severe': 'Decline'}",
      "source": "Parkinson\u2019s Disease",
      "target": "Depression"
    },
    {
      "text": "IC, usually +40",
      "source": "Parkinson\u2019s Disease",
      "target": "Recurrent hallucinations"
    },
    {
      "text": "{'Excellent compliance, slow progression': '-20', 'No falls, no cognitive impairment': '-20', 'Strong social support, regular therapy': '-15'}",
      "source": "Parkinson\u2019s Disease",
      "target": "Protective Factors"
    },
    {
      "text": "Decline",
      "source": "Bariatric Surgery",
      "target": "Diabetes Mellitus"
    },
    {
      "text": "{'controlled': 'Add +20', 'uncontrolled': 'Decline'}",
      "source": "Bariatric Surgery",
      "target": "Hypertension"
    },
    {
      "text": "{'mild, stable': 'Add +20', 'severe/unstable': 'Decline'}",
      "source": "Bariatric Surgery",
      "target": "Depression"
    },
    {
      "text": "Add +60",
      "source": "Bariatric Surgery",
      "target": "Significant nutritional deficiency"
    },
    {
      "text": "Decline",
      "source": "Bariatric Surgery",
      "target": "Abnormal liver function"
    },
    {
      "text": "-20",
      "source": "Bariatric Surgery",
      "target": "Stable weight >2 years post-surgery"
    },
    {
      "text": "-20",
      "source": "Bariatric Surgery",
      "target": "No complications since surgery"
    },
    {
      "text": "-20",
      "source": "Bariatric Surgery",
      "target": "Excellent compliance with supplements and follow-up"
    },
    {
      "text": "-10",
      "source": "Bariatric Surgery",
      "target": "Active lifestyle (regular exercise)"
    },
    {
      "text": "Postpone minimum 4 years, then IC",
      "source": "Drug Dependence and Addiction",
      "target": "Polysubstance abuse (including alcohol)"
    },
    {
      "text": "+75 to Decline",
      "source": "Drug Dependence and Addiction",
      "target": "One relapse"
    },
    {
      "text": "IC",
      "source": "Drug Dependence and Addiction",
      "target": "Two or more relapses"
    },
    {
      "text": "Postpone",
      "source": "Drug Dependence and Addiction",
      "target": "Unstable employment or self-employed (unstable)"
    },
    {
      "text": "IC",
      "source": "Drug Dependence and Addiction",
      "target": "Co-morbid psychiatric impairments"
    },
    {
      "text": "IC to Decline",
      "source": "Drug Dependence and Addiction",
      "target": "Prior felony convictions"
    },
    {
      "text": "Postpone",
      "source": "Drug Dependence and Addiction",
      "target": "Unstable domestic environment"
    },
    {
      "text": "-50",
      "source": "Drug Dependence and Addiction",
      "target": "Stable employment and living situation"
    },
    {
      "text": "-25",
      "source": "Drug Dependence and Addiction",
      "target": "No relapses in >5 years"
    },
    {
      "text": "-50",
      "source": "Drug Dependence and Addiction",
      "target": "Compliance with treatment and follow-up"
    },
    {
      "text": "-25",
      "source": "Drug Dependence and Addiction",
      "target": "Supportive social network"
    },
    {
      "text": "Decline",
      "source": "Hepatitis C",
      "target": "HBV or HIV co-infection"
    },
    {
      "text": "Decline",
      "source": "Hepatitis C",
      "target": "Alcohol Misuse and Alcoholism"
    },
    {
      "text": "Decline",
      "source": "Hepatitis C",
      "target": "Elevated alpha-fetoprotein"
    },
    {
      "text": "Decline",
      "source": "Hepatitis C",
      "target": "Abdominal imaging suggestive of cirrhosis/mass"
    },
    {
      "text": "IC",
      "source": "Hepatitis C",
      "target": "Clinical findings of chronic liver disease"
    },
    {
      "text": "IC",
      "source": "Hepatitis C",
      "target": "Extra-hepatic manifestations"
    },
    {
      "text": "-25",
      "source": "Hepatitis C",
      "target": "Excellent compliance, regular follow-up"
    },
    {
      "text": "-25",
      "source": "Hepatitis C",
      "target": "Sustained normal LFTs and low HCV RNA"
    },
    {
      "text": "-75",
      "source": "Hepatitis C",
      "target": "SVR (sustained virologic response)"
    },
    {
      "text": "Decline",
      "source": "Multiple Sclerosis",
      "target": "Bowel or bladder involvement"
    },
    {
      "text": "Decline",
      "source": "Multiple Sclerosis",
      "target": "Brainstem involvement"
    },
    {
      "text": "Decline",
      "source": "Multiple Sclerosis",
      "target": "Cognitive deficits or dementia"
    },
    {
      "text": "Decline",
      "source": "Multiple Sclerosis",
      "target": "Renal insufficiency"
    },
    {
      "text": "Decline",
      "source": "Multiple Sclerosis",
      "target": "Severe disability with frequent infections"
    },
    {
      "text": "Decline",
      "source": "Multiple Sclerosis",
      "target": "Rapidly progressive disease"
    },
    {
      "text": "IC, usually +40",
      "source": "Multiple Sclerosis",
      "target": "Depression"
    },
    {
      "text": "Consider +30",
      "source": "Multiple Sclerosis",
      "target": "Smoking"
    },
    {
      "text": "Decline",
      "source": "Multiple Sclerosis",
      "target": "Suicidal ideation or gestures"
    },
    {
      "text": "Decline",
      "source": "Multiple Sclerosis",
      "target": "Alcohol Misuse and Alcoholism"
    },
    {
      "text": "IC",
      "source": "Multiple Sclerosis",
      "target": "Significant medication side effects"
    },
    {
      "text": "IC",
      "source": "Multiple Sclerosis",
      "target": "Stem cell transplant"
    },
    {
      "text": "-60 to -120",
      "source": "Multiple Sclerosis",
      "target": "No progression for 10+ years, stable MRI"
    },
    {
      "text": "-30",
      "source": "Multiple Sclerosis",
      "target": "Excellent compliance, no relapses"
    },
    {
      "text": "-30",
      "source": "Multiple Sclerosis",
      "target": "No disability after 5 years"
    }
  ]
}