{
  "manual_section": "Alcohol Misuse and Alcoholism",
  "steps": [
    {
      "step_id": 0,
      "description": "Determine the severity of alcohol misuse or alcoholism using the classification criteria based on frequency of use, withdrawal symptoms, and complications.",
      "segment_ids": [],
      "text_from_manual": [
        [
          {
            "table": {
              "title": "Classification of Severity",
              "columns": [
                "Severity Level",
                "Criteria (Synthetic Example)"
              ],
              "rows": [
                {
                  "Severity Level": "Mild",
                  "Criteria (Synthetic Example)": "Occasional misuse, no withdrawal, no complications"
                },
                {
                  "Severity Level": "Moderate",
                  "Criteria (Synthetic Example)": "Regular heavy use, some withdrawal, minor complications"
                },
                {
                  "Severity Level": "Severe",
                  "Criteria (Synthetic Example)": "Daily use, withdrawal, major complications (liver, CNS, etc)"
                }
              ]
            }
          }
        ]
      ]
    },
    {
      "step_id": 1,
      "description": "Determine the rating based on alcohol markers and age.",
      "segment_ids": [
        1
      ],
      "text_from_manual": [
        [
          {
            "table": {
              "title": "Alcohol Markers",
              "columns": [
                "Marker/History",
                "Age",
                "Rating"
              ],
              "rows": [
                {
                  "Marker/History": "Positive CDT, other markers positive",
                  "Age": ">60",
                  "Rating": "+60"
                },
                {
                  "Marker/History": "Positive CDT, other markers positive",
                  "Age": "<60",
                  "Rating": "+120"
                },
                {
                  "Marker/History": "Positive CDT, other markers negative",
                  "Age": "Any",
                  "Rating": "Standard"
                },
                {
                  "Marker/History": "Abnormal LFTs",
                  "Age": "Any",
                  "Rating": "Individual Consideration (IC)"
                }
              ],
              "notes": []
            }
          }
        ]
      ]
    },
    {
      "step_id": 2,
      "description": "Assess liver function tests (LFTs) and alcohol markers to determine the appropriate rating.",
      "segment_ids": [
        2
      ],
      "text_from_manual": [
        [
          {
            "table": {
              "title": "Liver Function Tests (LFTs)",
              "columns": [
                "LFTs Status",
                "Alcohol Marker",
                "Rating"
              ],
              "rows": [
                {
                  "LFTs Status": "Elevated LFTs, no criticism",
                  "Alcohol Marker": "Positive",
                  "Rating": "IC"
                },
                {
                  "LFTs Status": "Elevated LFTs, no criticism",
                  "Alcohol Marker": "Negative",
                  "Rating": "See LFTs table"
                },
                {
                  "LFTs Status": "Elevated LFTs, no criticism",
                  "Alcohol Marker": "No marker available",
                  "Rating": "See LFTs table"
                },
                {
                  "LFTs Status": "Elevated LFTs, with criticism",
                  "Alcohol Marker": "Any",
                  "Rating": "Rate as heavy drinking"
                }
              ],
              "notes": []
            }
          }
        ]
      ]
    },
    {
      "step_id": 3,
      "description": "Evaluate the current daily alcohol drinking pattern to assign a rating.",
      "segment_ids": [
        3
      ],
      "text_from_manual": [
        [
          {
            "table": {
              "title": "Current Daily Alcohol Drinking Pattern",
              "columns": [
                "Number of Drinks per Day",
                "Rating"
              ],
              "rows": [
                {
                  "Number of Drinks per Day": "0\u00e2\u20ac\u201c2",
                  "Rating": "Standard"
                },
                {
                  "Number of Drinks per Day": "3\u00e2\u20ac\u201c4",
                  "Rating": "Standard"
                },
                {
                  "Number of Drinks per Day": "5\u00e2\u20ac\u201c6",
                  "Rating": "+60 (IC)"
                },
                {
                  "Number of Drinks per Day": "7\u00e2\u20ac\u201c10",
                  "Rating": "Rate as alcohol excess"
                },
                {
                  "Number of Drinks per Day": ">10",
                  "Rating": "Rate as alcohol abuse"
                }
              ],
              "notes": []
            }
          }
        ]
      ]
    },
    {
      "step_id": 4,
      "description": "Assess alcohol excess (heavy drinking, binge drinking, or criticism) and associated factors to determine the appropriate rating.",
      "segment_ids": [
        4
      ],
      "text_from_manual": [
        [
          {
            "table": {
              "title": "Alcohol Excess (Heavy Drinking or Criticism, Binge Drinking)",
              "columns": [
                "Time Since Last Use/Reduction",
                "<30 yrs",
                "30\u00e2\u20ac\u201c49 yrs",
                "50\u00e2\u20ac\u201c64 yrs",
                "65+ yrs"
              ],
              "rows": [
                {
                  "Time Since Last Use/Reduction": "0\u00e2\u20ac\u201c1 year",
                  "<30 yrs": "Decline",
                  "30\u00e2\u20ac\u201c49 yrs": "+140",
                  "50\u00e2\u20ac\u201c64 yrs": "+100",
                  "65+ yrs": "+80"
                },
                {
                  "Time Since Last Use/Reduction": "1\u00e2\u20ac\u201c2 years",
                  "<30 yrs": "+180",
                  "30\u00e2\u20ac\u201c49 yrs": "+100",
                  "50\u00e2\u20ac\u201c64 yrs": "+60",
                  "65+ yrs": "+30"
                },
                {
                  "Time Since Last Use/Reduction": "2\u00e2\u20ac\u201c3 years",
                  "<30 yrs": "+100",
                  "30\u00e2\u20ac\u201c49 yrs": "+60",
                  "50\u00e2\u20ac\u201c64 yrs": "Standard",
                  "65+ yrs": "Standard"
                },
                {
                  "Time Since Last Use/Reduction": "3\u00e2\u20ac\u201c4 years",
                  "<30 yrs": "+60",
                  "30\u00e2\u20ac\u201c49 yrs": "Standard",
                  "50\u00e2\u20ac\u201c64 yrs": "Standard",
                  "65+ yrs": "Standard"
                },
                {
                  "Time Since Last Use/Reduction": ">4 years",
                  "<30 yrs": "Standard",
                  "30\u00e2\u20ac\u201c49 yrs": "Standard",
                  "50\u00e2\u20ac\u201c64 yrs": "Standard",
                  "65+ yrs": "Standard"
                }
              ],
              "notes": ["To determine if alcohol excess is present if an only if: either there is a positive alcohol marker or if previous guidelines conclude 'rating as alcohol excess'."]
            }
          },
          {
            "table": {
              "title": "Factors Associated with Alcohol Excess",
              "columns": [
                "Factor",
                "Rating"
              ],
              "rows": [
                {
                  "Factor": "Recurrent heavy use",
                  "Rating": "Rate as 0\u00e2\u20ac\u201c1 yr"
                },
                {
                  "Factor": "Positive CDT, normal LFTs, other markers negative",
                  "Rating": "Rate as 0\u00e2\u20ac\u201c1 yr"
                },
                {
                  "Factor": "Positive CDT, normal LFTs, other markers positive",
                  "Rating": "Decline (IC)"
                },
                {
                  "Factor": "Elevated LFTs",
                  "Rating": "IC"
                },
                {
                  "Factor": "With substance abuse",
                  "Rating": "Postpone 5 yrs, then IC"
                },
                {
                  "Factor": "Attending AA",
                  "Rating": "Credit -25"
                }
              ],
              "notes": []
            }
          }
        ]
      ]
    },
    {
      "step_id": 5,
      "description": "Evaluate alcohol abuse or dependence, including abstinence after treatment and associated factors, to determine the appropriate rating.",
      "segment_ids": [
        5
      ],
      "text_from_manual": [
        [
          {
            "table": {
              "title": "Alcohol Abuse or Dependence (Abstinence After Treatment)",
              "columns": [
                "Time Since Last Use",
                "<30 yrs",
                "30\u00e2\u20ac\u201c49 yrs",
                "50\u00e2\u20ac\u201c64 yrs",
                "65+ yrs"
              ],
              "rows": [
                {
                  "Time Since Last Use": "0\u00e2\u20ac\u201c1 year",
                  "<30 yrs": "Decline",
                  "30\u00e2\u20ac\u201c49 yrs": "Decline",
                  "50\u00e2\u20ac\u201c64 yrs": "Decline",
                  "65+ yrs": "Decline"
                },
                {
                  "Time Since Last Use": "1\u00e2\u20ac\u201c2 years",
                  "<30 yrs": "Decline",
                  "30\u00e2\u20ac\u201c49 yrs": "Decline",
                  "50\u00e2\u20ac\u201c64 yrs": "+180",
                  "65+ yrs": "+100"
                },
                {
                  "Time Since Last Use": "2\u00e2\u20ac\u201c3 years",
                  "<30 yrs": "+180",
                  "30\u00e2\u20ac\u201c49 yrs": "+120",
                  "50\u00e2\u20ac\u201c64 yrs": "+80",
                  "65+ yrs": "+40"
                },
                {
                  "Time Since Last Use": "3\u00e2\u20ac\u201c4 years",
                  "<30 yrs": "+120",
                  "30\u00e2\u20ac\u201c49 yrs": "+80",
                  "50\u00e2\u20ac\u201c64 yrs": "+40",
                  "65+ yrs": "Standard"
                },
                {
                  "Time Since Last Use": "4\u00e2\u20ac\u201c5 years",
                  "<30 yrs": "+80",
                  "30\u00e2\u20ac\u201c49 yrs": "+40",
                  "50\u00e2\u20ac\u201c64 yrs": "Standard",
                  "65+ yrs": "Standard"
                },
                {
                  "Time Since Last Use": ">5 years",
                  "<30 yrs": "+40",
                  "30\u00e2\u20ac\u201c49 yrs": "Standard",
                  "50\u00e2\u20ac\u201c64 yrs": "Standard",
                  "65+ yrs": "Standard"
                }
              ],
              "notes": ["this is only applicable when there is an evidence of abstinence after some treatment. "]
            }
          },
          {
            "table": {
              "title": "Factors Associated with Alcohol Abuse or Dependence",
              "columns": [
                "Factor",
                "Rating"
              ],
              "rows": [
                {
                  "Factor": "Current drinking",
                  "Rating": "Usually Decline"
                },
                {
                  "Factor": "Positive CDT or HAA",
                  "Rating": "Decline"
                },
                {
                  "Factor": "Elevated LFTs",
                  "Rating": "IC"
                },
                {
                  "Factor": "With substance abuse",
                  "Rating": "Postpone 5 yrs, then IC"
                },
                {
                  "Factor": "Currently in residential treatment",
                  "Rating": "Decline"
                },
                {
                  "Factor": "Use of disulfiram, naltrexone, etc.",
                  "Rating": "IC"
                },
                {
                  "Factor": "Attending AA",
                  "Rating": "Credit -25"
                },
                {
                  "Factor": "One relapse <2 years",
                  "Rating": "Postpone"
                },
                {
                  "Factor": "One relapse 2\u00e2\u20ac\u201c10 years",
                  "Rating": "Add +50"
                },
                {
                  "Factor": "One relapse >10 years",
                  "Rating": "Add +25"
                },
                {
                  "Factor": "Two or more relapses",
                  "Rating": "Postpone 5 yrs, then IC"
                },
                {
                  "Factor": "Anti-social personality",
                  "Rating": "Decline"
                },
                {
                  "Factor": "Severe depression",
                  "Rating": "Decline"
                },
                {
                  "Factor": "Moderate depression",
                  "Rating": "IC"
                },
                {
                  "Factor": "Mild depression",
                  "Rating": "Add +0 to +40"
                },
                {
                  "Factor": "Gambling disorder",
                  "Rating": "IC"
                },
                {
                  "Factor": "Suicide attempt <5 years",
                  "Rating": "Decline"
                },
                {
                  "Factor": "Suicide attempt >5 years",
                  "Rating": "IC"
                },
                {
                  "Factor": "Cardiomyopathy, current drinking",
                  "Rating": "Decline"
                },
                {
                  "Factor": "Cardiomyopathy, abstinent",
                  "Rating": "IC"
                },
                {
                  "Factor": "Portal hypertension, bleeding",
                  "Rating": "Decline"
                },
                {
                  "Factor": "Portal hypertension, no bleeding",
                  "Rating": "IC"
                },
                {
                  "Factor": "Korsakoff's syndrome",
                  "Rating": "Decline"
                },
                {
                  "Factor": "Wernicke's encephalopathy, current",
                  "Rating": "Decline"
                },
                {
                  "Factor": "Wernicke's encephalopathy, remote",
                  "Rating": "IC"
                },
                {
                  "Factor": "Atrial fibrillation, current drinking",
                  "Rating": "Decline"
                },
                {
                  "Factor": "Atrial fibrillation, abstinent",
                  "Rating": "Rate as AF"
                },
                {
                  "Factor": "Liver transplant",
                  "Rating": "Decline"
                }
              ],
              "notes": []
            }
          }
        ]
      ]
    },
    {
      "step_id": 6,
      "description": "Determine WP, ADB, and LTC ratings based on the LIFE rating.",
      "segment_ids": [
        6
      ],
      "text_from_manual": [
        [
          {
            "table": {
              "title": "WP, ADB, and LTC Ratings",
              "columns": [
                "LIFE Rating",
                "WP",
                "ADB",
                "LTC"
              ],
              "rows": [
                {
                  "LIFE Rating": "Standard",
                  "WP": "Standard",
                  "ADB": "Standard",
                  "LTC": "Standard"
                },
                {
                  "LIFE Rating": "+25 to +60",
                  "WP": "Decline",
                  "ADB": "Decline",
                  "LTC": "Decline"
                },
                {
                  "LIFE Rating": "+80 or higher",
                  "WP": "Decline",
                  "ADB": "Decline",
                  "LTC": "Decline"
                },
                {
                  "LIFE Rating": "Ratable alcohol abuse, dependence, or excess",
                  "WP": "Decline",
                  "ADB": "Decline",
                  "LTC": "Decline"
                },
                {
                  "LIFE Rating": ">4 drinks/day",
                  "WP": "Decline",
                  "ADB": "Decline",
                  "LTC": "Decline"
                }
              ],
              "notes": []
            }
          }
        ]
      ]
    }
  ]
}