{
  "manual_section": "Asthma",
  "steps": [
    {
      "step_id": 0,
      "description": "Determine the severity of asthma using the classification criteria based on symptoms, activity limitation, lung function, and medication use.",
      "segment_ids": [],
      "text_from_manual": [
        {
          "table": {
            "title": "Classification of Severity",
            "columns": [
              "Severity",
              "Symptoms",
              "Activity Limitation",
              "Hospital/ER Visits",
              "Night Symptoms",
              "FEV1 (% predicted)",
              "Medication Use"
            ],
            "rows": [
              {
                "Severity": "Minimal",
                "Symptoms": "Rare",
                "Activity Limitation": "None",
                "Hospital/ER Visits": "None",
                "Night Symptoms": "None",
                "FEV1 (% predicted)": ">80%",
                "Medication Use": "None or rare SABA"
              },
              {
                "Severity": "Mild",
                "Symptoms": "<2/week, none between",
                "Activity Limitation": "Occasional exacerbations",
                "Hospital/ER Visits": "Rare",
                "Night Symptoms": "Monthly",
                "FEV1 (% predicted)": ">80%",
                "Medication Use": "Low-dose ICS, occasional SABA"
              },
              {
                "Severity": "Moderate",
                "Symptoms": ">2/week to daily",
                "Activity Limitation": "Frequent exacerbations",
                "Hospital/ER Visits": "Occasional",
                "Night Symptoms": "Weekly",
                "FEV1 (% predicted)": "60\u201379%",
                "Medication Use": "Low/moderate ICS, SABA, others"
              },
              {
                "Severity": "Severe",
                "Symptoms": "Continual",
                "Activity Limitation": "Limited physical activity",
                "Hospital/ER Visits": "Frequent",
                "Night Symptoms": "Frequent",
                "FEV1 (% predicted)": "<60%",
                "Medication Use": "High-dose ICS, SABA, oral meds"
              }
            ]
          }
        }
      ]
    },
    {
      "step_id": 1,
      "description": "Determine the rating based on asthma severity, age group, and smoker status.",
      "segment_ids": [
        1
      ],
      "text_from_manual": [
        [
          {
            "table": {
              "title": "Asthma Severity and Rating Table",
              "columns": [
                "Severity",
                "Age 0\u20135 yrs",
                "Age 6\u201316 yrs",
                "Age 17\u201320 yrs",
                "Age 21\u201370 yrs",
                "Age >70 yrs",
                "Smoker Adjustment"
              ],
              "rows": [
                {
                  "Severity": "Minimal",
                  "Age 0\u20135 yrs": "+0",
                  "Age 6\u201316 yrs": "+0",
                  "Age 17\u201320 yrs": "+0",
                  "Age 21\u201370 yrs": "+0",
                  "Age >70 yrs": "+0",
                  "Smoker Adjustment": "+0"
                },
                {
                  "Severity": "Mild",
                  "Age 0\u20135 yrs": "IC",
                  "Age 6\u201316 yrs": "+0 to +45",
                  "Age 17\u201320 yrs": "+0 to +45",
                  "Age 21\u201370 yrs": "+0 to +45",
                  "Age >70 yrs": "+0 to +45",
                  "Smoker Adjustment": "Standard"
                },
                {
                  "Severity": "Moderate",
                  "Age 0\u20135 yrs": "Decline",
                  "Age 6\u201316 yrs": "+90 or Decline",
                  "Age 17\u201320 yrs": "+90 to +140",
                  "Age 21\u201370 yrs": "+45 to +90",
                  "Age >70 yrs": "+45",
                  "Smoker Adjustment": "Add +45 (decline if <17)"
                },
                {
                  "Severity": "Severe",
                  "Age 0\u20135 yrs": "Decline",
                  "Age 6\u201316 yrs": "Decline",
                  "Age 17\u201320 yrs": "Decline",
                  "Age 21\u201370 yrs": "+140 to Decline",
                  "Age >70 yrs": "IC",
                  "Smoker Adjustment": "Decline"
                }
              ],
              "notes": [
                "Best classes (non-smoker or smoker) rates are possible for best cases within minimal and mild severities.",
                "Any case of asthma in a smoker over age 50 should be carefully assessed for underlying COPD.",
                "Ages <16 cannot be rated over 200%. If >+90, juveniles must be declined."
              ]
            }
          }
        ]
      ]
    },
    {
      "step_id": 2,
      "description": "Assess Long-Term Care (LTC) ratings based on asthma severity, smoking status, and oxygen use.",
      "segment_ids": [
        2
      ],
      "text_from_manual": [
        [
          {
            "table": {
              "title": "Long-Term Care (LTC) Rating Table",
              "columns": [
                "Life Rating Category",
                "LTC Rating"
              ],
              "rows": [
                {
                  "Life Rating Category": "Minimal or Mild, non-smoker",
                  "LTC Rating": "Life rating"
                },
                {
                  "Life Rating Category": "Moderate, no frequent exacerbations",
                  "LTC Rating": "+45, not better"
                },
                {
                  "Life Rating Category": "Frequent exacerbations",
                  "LTC Rating": "Decline"
                },
                {
                  "Life Rating Category": "Severe",
                  "LTC Rating": "Decline"
                },
                {
                  "Life Rating Category": "Smoker, any severity",
                  "LTC Rating": "Decline"
                },
                {
                  "Life Rating Category": "Oxygen use",
                  "LTC Rating": "Decline"
                }
              ],
              "notes": []
            }
          }
        ]
      ]
    },
    {
      "step_id": 3,
      "description": "Determine Waiver of Premium (WP) and Accidental Death Benefit (ADB) ratings based on life ratings.",
      "segment_ids": [
        3
      ],
      "text_from_manual": [
        [
          {
            "table": {
              "title": "Waiver of Premium (WP) and Accidental Death Benefit (ADB) Table",
              "columns": [
                "Life Rating",
                "WP",
                "ADB"
              ],
              "rows": [
                {
                  "Life Rating": "+0",
                  "WP": "+0",
                  "ADB": "+0"
                },
                {
                  "Life Rating": "+20 to +45",
                  "WP": "Decline",
                  "ADB": "1.5x"
                },
                {
                  "Life Rating": "+70 to +90",
                  "WP": "Decline",
                  "ADB": "2x"
                },
                {
                  "Life Rating": ">+90",
                  "WP": "Decline",
                  "ADB": "Decline"
                }
              ],
              "notes": []
            }
          }
        ]
      ]
    }
  ]
}