{
  "manual_section": "Atrial Flutter",
  "steps": [
    {
      "step_id": 1,
      "description": "Refer to the Atrial Fibrillation chapter to determine the ratings for LIFE, WP, ADB, and LTC based on the scenario of Atrial Flutter.",
      "segment_ids": [
        1
      ],
      "text_from_manual": [
        [
          {
            "table": {
              "title": "Atrial Flutter Rating Table (Synthetic Example)",
              "columns": [
                "Scenario",
                "LIFE",
                "WP",
                "ADB",
                "LTC"
              ],
              "rows": [
                {
                  "Scenario": "Atrial Flutter",
                  "LIFE": "Rate as Atrial Fibrillation",
                  "WP": "Rate as Atrial Fibrillation",
                  "ADB": "Rate as Atrial Fibrillation",
                  "LTC": "Rate as Atrial Fibrillation"
                }
              ],
              "notes": [
                "See Atrial Fibrillation chapter for detailed rating tables."
              ]
            }
          }
        ]
      ]
    }
  ]
}