{
  "manual_section": "Depression",
  "steps": [
    {
      "step_id": 0,
      "description": "Determine the severity of depression using the DSM-5 classification criteria based on symptoms and functional impairment.",
      "segment_ids": [],
      "text_from_manual": [
        [
          {
            "table": {
              "title": "Classification of Severity",
              "columns": [
                "Severity Level",
                "Criteria (DSM-5)"
              ],
              "rows": [
                {
                  "Severity Level": "Mild",
                  "Criteria (DSM-5)": "Few, if any, symptoms in excess of those required to make the diagnosis; minor functional impairment"
                },
                {
                  "Severity Level": "Moderate",
                  "Criteria (DSM-5)": "Symptoms or functional impairment between mild and severe"
                },
                {
                  "Severity Level": "Severe",
                  "Criteria (DSM-5)": "Many symptoms in excess of those required to make the diagnosis, marked interference with functioning, possible psychotic features or suicidality"
                }
              ]
            }
          }
        ]
      ]
    },
    {
      "step_id": 1,
      "description": "Determine the rating for mild, moderate, and severe major depression based on age and time since stabilization.",
      "segment_ids": [
        1
      ],
      "text_from_manual": [
        [
          {
            "table": {
              "title": "Mild Major Depression (Stable, compliant with therapy)",
              "columns": [
                "Age Group",
                "0\u20131 years",
                "1\u20132 years",
                "2\u20135 years",
                ">5 years"
              ],
              "rows": [
                {
                  "Age Group": "<21",
                  "0\u20131 years": "Postpone",
                  "1\u20132 years": "Postpone",
                  "2\u20135 years": "+80",
                  ">5 years": "+40"
                },
                {
                  "Age Group": "21\u201339",
                  "0\u20131 years": "+60",
                  "1\u20132 years": "Std\u2013+40",
                  "2\u20135 years": "Std",
                  ">5 years": "Std"
                },
                {
                  "Age Group": "40\u201369",
                  "0\u20131 years": "Std\u2013+30",
                  "1\u20132 years": "Std",
                  "2\u20135 years": "Std",
                  ">5 years": "Std"
                },
                {
                  "Age Group": "70+",
                  "0\u20131 years": "+20\u2013+40",
                  "1\u20132 years": "Std",
                  "2\u20135 years": "Std",
                  ">5 years": "Std"
                }
              ],
              "notes": []
            }
          },
          {
            "table": {
              "title": "Moderate Major Depression (Stable, compliant with therapy)",
              "columns": [
                "Age Group",
                "0\u20131 years",
                "1\u20132 years",
                "2\u20135 years",
                ">5 years"
              ],
              "rows": [
                {
                  "Age Group": "<21",
                  "0\u20131 years": "Postpone",
                  "1\u20132 years": "Postpone",
                  "2\u20135 years": "+120",
                  ">5 years": "+80"
                },
                {
                  "Age Group": "21\u201339",
                  "0\u20131 years": "Postpone",
                  "1\u20132 years": "+80",
                  "2\u20135 years": "+60",
                  ">5 years": "+40"
                },
                {
                  "Age Group": "40\u201369",
                  "0\u20131 years": "Postpone",
                  "1\u20132 years": "+60",
                  "2\u20135 years": "+40",
                  ">5 years": "Std"
                },
                {
                  "Age Group": "70+",
                  "0\u20131 years": "Postpone",
                  "1\u20132 years": "+40",
                  "2\u20135 years": "Std",
                  ">5 years": "Std"
                }
              ],
              "notes": []
            }
          },
          {
            "table": {
              "title": "Severe Major Depression (Stable, compliant with therapy)",
              "columns": [
                "Age Group",
                "0\u20131 year",
                "1\u20132 years",
                "2\u20135 years",
                ">5 years"
              ],
              "rows": [
                {
                  "Age Group": "<21",
                  "0\u20131 year": "Postpone",
                  "1\u20132 years": "Postpone",
                  "2\u20135 years": "Postpone",
                  ">5 years": "+80"
                },
                {
                  "Age Group": "21\u201339",
                  "0\u20131 year": "Postpone",
                  "1\u20132 years": "Postpone",
                  "2\u20135 years": "+80",
                  ">5 years": "+60"
                },
                {
                  "Age Group": "40\u201369",
                  "0\u20131 year": "Postpone",
                  "1\u20132 years": "Postpone",
                  "2\u20135 years": "+60",
                  ">5 years": "+40"
                },
                {
                  "Age Group": "70+",
                  "0\u20131 year": "Postpone",
                  "1\u20132 years": "+60",
                  "2\u20135 years": "+40",
                  ">5 years": "Std"
                }
              ],
              "notes": []
            }
          }
        ]
      ]
    },
    {
      "step_id": 2,
      "description": "Evaluate additional factors such as recurrence, suicide ideation, and hospitalization to adjust the depression rating.",
      "segment_ids": [
        2
      ],
      "text_from_manual": [
        [
          {
            "text": [
              "Recurrence:",
              "- Mild increase: No additional debit",
              "- Moderate increase: Postpone 1 year from last exacerbation, then consider adding +20",
              "- Severe increase: IC, consider Decline",
              "Any suicide ideation or attempt:",
              "- Add suicide rating in addition to depression rating (see Suicide section)",
              "Any hospitalization in past 10 years:",
              "- Consider adding +30"
            ]
          }
        ]
      ]
    },
    {
      "step_id": 3,
      "description": "Assess other types of depression and apply the appropriate rating guidance.",
      "segment_ids": [
        3
      ],
      "text_from_manual": [
        [
          {
            "table": {
              "title": "Depression Other Than Major Depression",
              "columns": [
                "Diagnosis",
                "Rating Guidance"
              ],
              "rows": [
                {
                  "Diagnosis": "Adjustment disorder with depressed mood/stress",
                  "Rating Guidance": "Rate as Mild Major Depression, credit up to +30 if no major depression features"
                },
                {
                  "Diagnosis": "Atypical depression (mild/moderate/severe)",
                  "Rating Guidance": "Std / Std to +30 / Rate as Major Depression"
                },
                {
                  "Diagnosis": "Depression due to medical condition",
                  "Rating Guidance": "Rate as Major Depression plus rating for medical condition"
                },
                {
                  "Diagnosis": "Depression with catatonia/melancholic/psychotic features",
                  "Rating Guidance": "Rate as Severe Major Depression"
                },
                {
                  "Diagnosis": "Disruptive mood dysregulation disorder",
                  "Rating Guidance": "IC"
                },
                {
                  "Diagnosis": "Dysthymic disorder/persistent depressive disorder",
                  "Rating Guidance": "Rate as Mild Major Depression"
                },
                {
                  "Diagnosis": "Minor depression",
                  "Rating Guidance": "Rate as Mild Major Depression, credit up to +30"
                },
                {
                  "Diagnosis": "Premenstrual dysphoric disorder (controlled)",
                  "Rating Guidance": "Std"
                },
                {
                  "Diagnosis": "Postpartum depression (mild/significant)",
                  "Rating Guidance": "Std/Postpone if <1 year since delivery; possibly Std if >1 year and resolved"
                },
                {
                  "Diagnosis": "Reactive depression",
                  "Rating Guidance": "Rate as Major Depression"
                },
                {
                  "Diagnosis": "Seasonal affective disorder (controlled)",
                  "Rating Guidance": "Std"
                },
                {
                  "Diagnosis": "Vascular depression",
                  "Rating Guidance": "IC, likely Decline"
                },
                {
                  "Diagnosis": "Other types (drug-induced, etc.)",
                  "Rating Guidance": "IC"
                }
              ],
              "notes": []
            }
          }
        ]
      ]
    },
    {
      "step_id": 4,
      "description": "Determine WP, ADB, and LTC ratings based on the LIFE rating.",
      "segment_ids": [
        4
      ],
      "text_from_manual": [
        [
          {
            "table": {
              "title": "WP, ADB, LTC",
              "columns": [
                "Life Rating",
                "WP",
                "ADB",
                "LTC"
              ],
              "rows": [
                {
                  "Life Rating": "Std",
                  "WP": "Std",
                  "ADB": "Std",
                  "LTC": "Std"
                },
                {
                  "Life Rating": ">Std",
                  "WP": "Decline",
                  "ADB": "Decline",
                  "LTC": "Decline"
                }
              ],
              "notes": []
            }
          }
        ]
      ]
    }
  ]
}