{
  "manual_section": "Drug Dependence and Addiction",
  "steps": [
    {
      "step_id": 0,
      "description": "Determine the severity of drug dependence and addiction using the classification criteria based on current use, duration of abstinence, maintenance therapy, and relapse history.",
      "segment_ids": [],
      "text_from_manual": [
        [
          {
            "table": {
              "title": "Classification of Severity",
              "columns": [
                "Severity",
                "Criteria"
              ],
              "rows": [
                {
                  "Severity": "Current Use",
                  "Criteria": "Ongoing use of addictive drugs"
                },
                {
                  "Severity": "Early Abstinence",
                  "Criteria": "Abstinent <3 years, no maintenance therapy"
                },
                {
                  "Severity": "Intermediate Abstinence",
                  "Criteria": "Abstinent 3\u20135 years, no maintenance therapy"
                },
                {
                  "Severity": "Sustained Abstinence",
                  "Criteria": "Abstinent >5 years, no maintenance therapy"
                },
                {
                  "Severity": "Maintenance Therapy",
                  "Criteria": "On methadone, buprenorphine, or naltrexone for opioid dependence"
                },
                {
                  "Severity": "Relapse History",
                  "Criteria": "One or more relapses after initial abstinence"
                }
              ]
            }
          }
        ]
      ]
    },
    {
      "step_id": 1,
      "description": "Evaluate the status or scenario related to drug dependence and addiction to determine the appropriate ratings for Life, WP, ADB, and LTC.",
      "segment_ids": [
        1
      ],
      "text_from_manual": [
        [
          {
            "table": {
              "title": "Drug Dependence and Addiction Ratings (Synthetic Example)",
              "columns": [
                "Status/Scenario",
                "Life",
                "WP",
                "ADB",
                "LTC"
              ],
              "rows": [
                {
                  "Status/Scenario": "Current use",
                  "Life": "Decline",
                  "WP": "Decline",
                  "ADB": "Decline",
                  "LTC": "Decline"
                },
                {
                  "Status/Scenario": "Abstaining <3 years",
                  "Life": "+150",
                  "WP": "Decline",
                  "ADB": "Decline",
                  "LTC": "Decline"
                },
                {
                  "Status/Scenario": "Abstaining 3\u20135 years",
                  "Life": "+75",
                  "WP": "+100",
                  "ADB": "Decline",
                  "LTC": "Decline"
                },
                {
                  "Status/Scenario": "Abstaining >5 years",
                  "Life": "+25",
                  "WP": "+25",
                  "ADB": "+25",
                  "LTC": "+25"
                },
                {
                  "Status/Scenario": "Methadone for chronic pain",
                  "Life": "IC, rate as chronic pain",
                  "WP": "IC",
                  "ADB": "IC",
                  "LTC": "IC"
                },
                {
                  "Status/Scenario": "Methadone for opioid dependence",
                  "Life": "Decline",
                  "WP": "Decline",
                  "ADB": "Decline",
                  "LTC": "Decline"
                },
                {
                  "Status/Scenario": "Naltrexone for opioid dependence",
                  "Life": "Decline",
                  "WP": "Decline",
                  "ADB": "Decline",
                  "LTC": "Decline"
                },
                {
                  "Status/Scenario": "Buprenorphine for chronic pain",
                  "Life": "Rate as chronic pain",
                  "WP": "Rate as chronic pain",
                  "ADB": "Rate as chronic pain",
                  "LTC": "Rate as chronic pain"
                },
                {
                  "Status/Scenario": "Buprenorphine maintenance <3 years abstinent",
                  "Life": "Decline",
                  "WP": "Decline",
                  "ADB": "Decline",
                  "LTC": "Decline"
                },
                {
                  "Status/Scenario": "Buprenorphine maintenance 3\u20135 years abstinent",
                  "Life": "IC, consider +200",
                  "WP": "IC",
                  "ADB": "IC",
                  "LTC": "IC"
                },
                {
                  "Status/Scenario": "Buprenorphine maintenance >5 years abstinent",
                  "Life": "IC, consider +150",
                  "WP": "IC",
                  "ADB": "IC",
                  "LTC": "IC"
                },
                {
                  "Status/Scenario": "Off maintenance, 0\u20133 years since completion",
                  "Life": "+75",
                  "WP": "+75",
                  "ADB": "+75",
                  "LTC": "+75"
                },
                {
                  "Status/Scenario": "Off maintenance, >3 years since completion",
                  "Life": "+25",
                  "WP": "+25",
                  "ADB": "+25",
                  "LTC": "+25"
                }
              ],
              "notes": []
            }
          }
        ]
      ]
    }
  ]
}