{
  "manual_section": "Epilepsy",
  "steps": [
    {
      "step_id": 0,
      "description": "Determine the severity and control type of epilepsy using the classification criteria based on seizure type, frequency, and control level.",
      "segment_ids": [],
      "text_from_manual": [
        [
          {
            "table": {
              "title": "Classification of Severity",
              "columns": [
                "Severity Type",
                "Criteria"
              ],
              "rows": [
                {
                  "Severity Type": "Absence (petit mal)",
                  "Criteria": "Brief, frequent lapses in awareness, usually in children"
                },
                {
                  "Severity Type": "Generalized/Partial (known cause)",
                  "Criteria": "Seizures with identified etiology (e.g., trauma, tumor, infection)"
                },
                {
                  "Severity Type": "Generalized/Partial (unknown cause)",
                  "Criteria": "Seizures with no identifiable cause"
                },
                {
                  "Severity Type": "Status Epilepticus",
                  "Criteria": "Seizure lasting >5 minutes or repeated seizures without recovery"
                }
              ]
            }
          },
          {
            "table": {
              "title": "Classification of Control Type",
              "columns": [
                "Control Type",
                "Criteria"
              ],
              "rows": [
                {
                  "Control Type": "Good",
                  "Criteria": "1 seizure / year, compliant with meds"
                },
                {
                  "Control Type": "Fair",
                  "Criteria": "2 seizures/year, compliant with meds"
                },
                {
                  "Control Type": "Poor",
                  "Criteria": ">2 seizures/year, poor compliance or refractory"
                }
              ]
            }
          }
        ]
      ]
    },
    {
      "step_id": 1,
      "description": "Evaluate seizure type, control level, and time since the last seizure to determine underwriting ratings for LIFE, WP, ADB, and LTC.",
      "segment_ids": [
        1
      ],
      "text_from_manual": [
        [
          {
            "table": {
              "title": "Seizure History Ratings (Synthetic Example, Revised)",
              "columns": [
                "Seizure Type/Control",
                "Subcategory",
                "LIFE",
                "WP",
                "ADB",
                "LTC"
              ],
              "rows": [
                {
                  "Seizure Type/Control": "Absence attacks (petit mal)",
                  "Subcategory": "",
                  "LIFE": "+10",
                  "WP": "+10",
                  "ADB": "Decline",
                  "LTC": "Standard"
                },
                {
                  "Seizure Type/Control": "Generalized/Partial (known cause)",
                  "Subcategory": "0\u201312 mo since last seizure",
                  "LIFE": "Postpone",
                  "WP": "Postpone",
                  "ADB": "Decline",
                  "LTC": "Decline"
                },
                {
                  "Seizure Type/Control": "Generalized/Partial (known cause)",
                  "Subcategory": ">12 mo, good control",
                  "LIFE": "+25",
                  "WP": "+25",
                  "ADB": "Decline",
                  "LTC": "+25"
                },
                {
                  "Seizure Type/Control": "Generalized/Partial (known cause)",
                  "Subcategory": ">12 mo, fair control",
                  "LIFE": "+75",
                  "WP": "Decline",
                  "ADB": "Decline",
                  "LTC": "Decline"
                },
                {
                  "Seizure Type/Control": "Generalized/Partial (known cause)",
                  "Subcategory": ">12 mo, poor control",
                  "LIFE": "IC",
                  "WP": "Decline",
                  "ADB": "Decline",
                  "LTC": "Decline"
                },
                {
                  "Seizure Type/Control": "Generalized/Partial (unknown cause)",
                  "Subcategory": "No/incomplete investigation",
                  "LIFE": "IC",
                  "WP": "Decline",
                  "ADB": "Decline",
                  "LTC": "Decline"
                },
                {
                  "Seizure Type/Control": "Generalized/Partial (unknown cause)",
                  "Subcategory": "0\u201312 mo since last seizure",
                  "LIFE": "Postpone",
                  "WP": "Postpone",
                  "ADB": "Decline",
                  "LTC": "Decline"
                },
                {
                  "Seizure Type/Control": "Generalized/Partial (unknown cause)",
                  "Subcategory": "12 mo\u20133 yrs, good control",
                  "LIFE": "+60",
                  "WP": "Decline",
                  "ADB": "Decline",
                  "LTC": "+60"
                },
                {
                  "Seizure Type/Control": "Generalized/Partial (unknown cause)",
                  "Subcategory": "12 mo\u20133 yrs, fair control",
                  "LIFE": "+120",
                  "WP": "Decline",
                  "ADB": "Decline",
                  "LTC": "Decline"
                },
                {
                  "Seizure Type/Control": "Generalized/Partial (unknown cause)",
                  "Subcategory": "12 mo\u20133 yrs, poor control",
                  "LIFE": "IC",
                  "WP": "Decline",
                  "ADB": "Decline",
                  "LTC": "Decline"
                },
                {
                  "Seizure Type/Control": "Generalized/Partial (unknown cause)",
                  "Subcategory": ">3 yrs, good control",
                  "LIFE": "+10",
                  "WP": "+10",
                  "ADB": "Decline",
                  "LTC": "+10"
                },
                {
                  "Seizure Type/Control": "Generalized/Partial (unknown cause)",
                  "Subcategory": ">3 yrs, fair control",
                  "LIFE": "+60",
                  "WP": "Decline",
                  "ADB": "Decline",
                  "LTC": "Decline"
                },
                {
                  "Seizure Type/Control": "Generalized/Partial (unknown cause)",
                  "Subcategory": ">3 yrs, poor control",
                  "LIFE": "IC, +90",
                  "WP": "Decline",
                  "ADB": "Decline",
                  "LTC": "Decline"
                },
                {
                  "Seizure Type/Control": "Partial, no secondary generalization",
                  "Subcategory": "0\u201312 mo since last seizure",
                  "LIFE": "Postpone",
                  "WP": "Postpone",
                  "ADB": "Decline",
                  "LTC": "Decline"
                },
                {
                  "Seizure Type/Control": "Partial, no secondary generalization",
                  "Subcategory": "12 mo\u20133 yrs, good control",
                  "LIFE": "Standard",
                  "WP": "Decline",
                  "ADB": "Decline",
                  "LTC": "+10"
                },
                {
                  "Seizure Type/Control": "Partial, no secondary generalization",
                  "Subcategory": "12 mo\u20133 yrs, fair control",
                  "LIFE": "+40",
                  "WP": "Decline",
                  "ADB": "Decline",
                  "LTC": "Decline"
                },
                {
                  "Seizure Type/Control": "Partial, no secondary generalization",
                  "Subcategory": "12 mo\u20133 yrs, poor control",
                  "LIFE": "+90",
                  "WP": "Decline",
                  "ADB": "Decline",
                  "LTC": "Decline"
                },
                {
                  "Seizure Type/Control": "Partial, no secondary generalization",
                  "Subcategory": ">3 yrs, good control",
                  "LIFE": "+0",
                  "WP": "+0",
                  "ADB": "Decline",
                  "LTC": "+0"
                },
                {
                  "Seizure Type/Control": "Partial, no secondary generalization",
                  "Subcategory": ">3 yrs, fair control",
                  "LIFE": "Standard",
                  "WP": "Decline",
                  "ADB": "Decline",
                  "LTC": "Decline"
                },
                {
                  "Seizure Type/Control": "Partial, no secondary generalization",
                  "Subcategory": ">3 yrs, poor control",
                  "LIFE": "IC, +60",
                  "WP": "Decline",
                  "ADB": "Decline",
                  "LTC": "Decline"
                },
                {
                  "Seizure Type/Control": "Status epilepticus",
                  "Subcategory": "0\u20132 yrs",
                  "LIFE": "Postpone",
                  "WP": "Postpone",
                  "ADB": "Decline",
                  "LTC": "Decline"
                },
                {
                  "Seizure Type/Control": "Status epilepticus",
                  "Subcategory": ">2 yrs",
                  "LIFE": "Add +60 to above ratings",
                  "WP": "Decline",
                  "ADB": "Decline",
                  "LTC": "+60"
                }
              ],
              "notes": [
                "The times mentioned in the table refer to the duration since last seizure."
              ]
            }
          }
        ]
      ]
    }
  ]
}