{
  "manual_section": "Hepatitis A",
  "steps": [
    {
      "step_id": 0,
      "description": "Determine the severity of Hepatitis A using the classification criteria based on symptoms, recovery status, and risk of liver failure.",
      "segment_ids": [],
      "text_from_manual": [
        [
          {
            "table": {
              "title": "Classification of Severity",
              "columns": [
                "Severity Level",
                "Criteria"
              ],
              "rows": [
                {
                  "Severity Level": "Mild",
                  "Criteria": "Self-limited, no jaundice, rapid recovery, no residual liver damage"
                },
                {
                  "Severity Level": "Moderate",
                  "Criteria": "Jaundice present, prolonged symptoms, full recovery, no residual damage"
                },
                {
                  "Severity Level": "Severe",
                  "Criteria": "Fulminant hepatitis, massive hepatic necrosis, risk of liver failure"
                }
              ]
            }
          }
        ]
      ]
    },
    {
      "step_id": 1,
      "description": "Determine the underwriting ratings (LIFE, WP, ADB, LTC) based on the status and subcategory of Hepatitis A.",
      "segment_ids": [
        1
      ],
      "text_from_manual": [
        [
          {
            "table": {
              "title": "Hepatitis A \u00e2\u20ac\u201c Synthetic Data (Revised)",
              "columns": [
                "Status",
                "Subcategory",
                "LIFE",
                "WP",
                "ADB",
                "LTC"
              ],
              "rows": [
                {
                  "Status": "Current infection (acute phase)",
                  "Subcategory": "",
                  "LIFE": "Postpone",
                  "WP": "Postpone",
                  "ADB": "Postpone",
                  "LTC": "Postpone"
                },
                {
                  "Status": "Recovered, single mild attack",
                  "Subcategory": "",
                  "LIFE": "Std",
                  "WP": "Std",
                  "ADB": "Std",
                  "LTC": "Std"
                },
                {
                  "Status": "Recovered, single moderate attack",
                  "Subcategory": "",
                  "LIFE": "+25",
                  "WP": "Std",
                  "ADB": "Std",
                  "LTC": "Std"
                },
                {
                  "Status": "Recovered, severe episode (no residual damage, >2 years since recovery)",
                  "Subcategory": "",
                  "LIFE": "+50",
                  "WP": "+25",
                  "ADB": "+25",
                  "LTC": "Std"
                },
                {
                  "Status": "Recovered, severe episode (no residual damage, 0\u00e2\u20ac\u201c2 years since recovery)",
                  "Subcategory": "",
                  "LIFE": "Postpone",
                  "WP": "Postpone",
                  "ADB": "Postpone",
                  "LTC": "Postpone"
                },
                {
                  "Status": "Any residual liver damage (any severity)",
                  "Subcategory": "",
                  "LIFE": "IC",
                  "WP": "Decline",
                  "ADB": "Decline",
                  "LTC": "Decline"
                },
                {
                  "Status": "Multiple episodes of hepatitis A",
                  "Subcategory": "",
                  "LIFE": "+75",
                  "WP": "+50",
                  "ADB": "+50",
                  "LTC": "Decline"
                },
                {
                  "Status": "With history of other sexually transmitted diseases",
                  "Subcategory": "",
                  "LIFE": "IC",
                  "WP": "Decline",
                  "ADB": "Decline",
                  "LTC": "Decline"
                }
              ],
              "notes": [
                "*Std = Standard rates",
                "IC = Individual Consideration"
              ]
            }
          }
        ]
      ]
    }
  ]
}