{
  "manual_section": "Kidney stones",
  "steps": [
    {
      "step_id": 0,
      "description": "Determine the severity of kidney stones based on size, location, recurrence rate, and presence of complications like hydronephrosis or infection.",
      "segment_ids": [],
      "text_from_manual": [
        [
          {
            "table": {
              "title": "Classification of Severity",
              "columns": [
                "Stone Size",
                "Location",
                "Recurrence Rate",
                "Complications"
              ],
              "rows": [
                {
                  "Stone Size": "<5 mm",
                  "Location": "Any",
                  "Recurrence Rate": "Rare",
                  "Complications": "None"
                },
                {
                  "Stone Size": ">10 mm",
                  "Location": "Any",
                  "Recurrence Rate": "Frequent",
                  "Complications": "Hydronephrosis or infection"
                }
              ],
              "notes": [
                "Small stones (<5 mm) often pass spontaneously.",
                "Larger stones (>10 mm) may require intervention.",
                "Recurrent or complicated cases are considered more severe."
              ]
            }
          }
        ]
      ]
    },
    {
      "step_id": 1,
      "description": "Evaluate the kidney condition and subcategory to determine the LIFE, WP, ADB, and LTC ratings.",
      "segment_ids": [
        1
      ],
      "text_from_manual": [
        [
          {
            "table": {
              "title": "Kidney Condition Ratings",
              "columns": [
                "Condition",
                "Subcategory",
                "LIFE",
                "wp",
                "ADB",
                "ltc"
              ],
              "rows": [
                {
                  "Condition": "Present",
                  "Subcategory": "Infrequent attacks, no hydronephrosis, normal renal function, normal urine",
                  "LIFE": "+10",
                  "wp": "+5",
                  "ADB": "+0",
                  "ltc": "+0"
                },
                {
                  "Condition": "Present",
                  "Subcategory": "- Unilateral",
                  "LIFE": "+10",
                  "wp": "+5",
                  "ADB": "+0",
                  "ltc": "+0"
                },
                {
                  "Condition": "Present",
                  "Subcategory": "- Bilateral",
                  "LIFE": "+30 to +60",
                  "wp": "1.7x",
                  "ADB": "+10",
                  "ltc": "Follow Life Rating"
                },
                {
                  "Condition": "Present",
                  "Subcategory": "- Others (with mild renal impairment or infection)",
                  "LIFE": "+70 and up",
                  "wp": "IC",
                  "ADB": "IC",
                  "ltc": "IC"
                },
                {
                  "Condition": "History",
                  "Subcategory": "Unoperated, infrequent attacks, urinalysis and renal function normal",
                  "LIFE": "+10",
                  "wp": "+10",
                  "ADB": "+0",
                  "ltc": "+0"
                },
                {
                  "Condition": "Operated (lithotripsy/ESWL, ureteroscopy with stent)",
                  "Subcategory": "- Fully recovered, no hydronephrosis, normal renal function, normal urine",
                  "LIFE": "+0",
                  "wp": "+0",
                  "ADB": "+0",
                  "ltc": "+0"
                },
                {
                  "Condition": "Operated (lithotripsy/ESWL, ureteroscopy with stent)",
                  "Subcategory": "- Others (recurrent stones, moderate impairment)",
                  "LIFE": "+80 and up",
                  "wp": "IC",
                  "ADB": "IC",
                  "ltc": "IC"
                },
                {
                  "Condition": "Single Kidney (Congenital)",
                  "Subcategory": "Present",
                  "LIFE": "+20",
                  "wp": "+10",
                  "ADB": "+0",
                  "ltc": "+0"
                },
                {
                  "Condition": "Single Kidney (Congenital)",
                  "Subcategory": "History",
                  "LIFE": "+50 to Decline (IC)",
                  "wp": "IC",
                  "ADB": "IC",
                  "ltc": "IC"
                }
              ],
              "notes": [
                "`IC` = Individual Consideration",
                "`x` = times standard rate",
                "\"Follow Life Rating\" = use the LIFE column rating for ltc"
              ]
            }
          }
        ]
      ]
    }
  ]
}