{
  "manual_section": "Multiple Sclerosis",
  "steps": [
    {
      "step_id": 0,
      "description": "Determine the severity of Multiple Sclerosis (MS) using the Expanded Disability Status Scale (EDSS) classification.",
      "segment_ids": [],
      "text_from_manual": [
        [
          {
            "table": {
              "title": "Classification of Severity",
              "columns": [
                "Severity",
                "Expanded Disability Status Scale (EDSS)",
                "Description"
              ],
              "rows": [
                {
                  "Severity": "Mild",
                  "Expanded Disability Status Scale (EDSS)": "0\u20132.5",
                  "Description": "Minimal symptoms, fully ambulatory"
                },
                {
                  "Severity": "Moderate",
                  "Expanded Disability Status Scale (EDSS)": "3\u20134.5",
                  "Description": "Some disability, ambulatory without aid"
                },
                {
                  "Severity": "Severe",
                  "Expanded Disability Status Scale (EDSS)": "5\u20136.5",
                  "Description": "Significant disability, may need assistance"
                },
                {
                  "Severity": "Extreme",
                  "Expanded Disability Status Scale (EDSS)": "7+",
                  "Description": "Wheelchair or bed-bound"
                }
              ]
            }
          }
        ]
      ]
    },
    {
      "step_id": 1,
      "description": "Evaluate Clinically Isolated Syndrome (CIS) based on time since episode and MRI/neuro findings to determine ratings for Life, WP, ADB, and LTC.",
      "segment_ids": [
        1
      ],
      "text_from_manual": [
        [
          {
            "table": {
              "title": "Clinically Isolated Syndrome (CIS)",
              "columns": [
                "Time Since Episode",
                "MRI/Neuro Findings",
                "Life",
                "WP",
                "ADB",
                "LTC"
              ],
              "rows": [
                {
                  "Time Since Episode": "0\u20131 year",
                  "MRI/Neuro Findings": "Negative MRI, no deficits",
                  "Life": "+70",
                  "WP": "Decline",
                  "ADB": "N/A",
                  "LTC": "Decline"
                },
                {
                  "Time Since Episode": "1\u20132 years",
                  "MRI/Neuro Findings": "Negative MRI, no deficits",
                  "Life": "+10",
                  "WP": "Decline",
                  "ADB": "N/A",
                  "LTC": "Decline"
                },
                {
                  "Time Since Episode": ">2 years",
                  "MRI/Neuro Findings": "Negative MRI, no deficits",
                  "Life": "+0",
                  "WP": "Decline",
                  "ADB": "N/A",
                  "LTC": "Decline"
                },
                {
                  "Time Since Episode": "0\u20131 year",
                  "MRI/Neuro Findings": "Equivocal MRI, no deficits",
                  "Life": "+120",
                  "WP": "Decline",
                  "ADB": "N/A",
                  "LTC": "Decline"
                },
                {
                  "Time Since Episode": "1\u20132 years",
                  "MRI/Neuro Findings": "Equivocal MRI, no deficits",
                  "Life": "+70",
                  "WP": "Decline",
                  "ADB": "N/A",
                  "LTC": "Decline"
                },
                {
                  "Time Since Episode": ">2 years",
                  "MRI/Neuro Findings": "Equivocal MRI, no deficits",
                  "Life": "+10",
                  "WP": "Decline",
                  "ADB": "N/A",
                  "LTC": "Decline"
                },
                {
                  "Time Since Episode": "Any time",
                  "MRI/Neuro Findings": "Positive MRI or deficits",
                  "Life": "Rate as MS Relapsing-Remitting",
                  "WP": "",
                  "ADB": "",
                  "LTC": ""
                }
              ],
              "notes": [
                "*Includes optic neuritis, first episode only*"
              ]
            }
          }
        ]
      ]
    },
    {
      "step_id": 2,
      "description": "Assess Relapsing-Remitting MS based on severity (EDSS) and time since onset to determine ratings for Life, WP, ADB, and LTC.",
      "segment_ids": [
        2
      ],
      "text_from_manual": [
        [
          {
            "table": {
              "title": "Relapsing-Remitting MS (Diagnosis Established)",
              "columns": [
                "Severity (EDSS)",
                "Time Since Onset",
                "Life",
                "WP",
                "ADB",
                "LTC"
              ],
              "rows": [
                {
                  "Severity (EDSS)": "Mild (0\u20132)",
                  "Time Since Onset": "0\u20131 year",
                  "Life": "Postpone",
                  "WP": "Decline",
                  "ADB": "N/A",
                  "LTC": "Decline"
                },
                {
                  "Severity (EDSS)": "Mild (0\u20132)",
                  "Time Since Onset": "1\u20132 years",
                  "Life": "+120",
                  "WP": "Decline",
                  "ADB": "N/A",
                  "LTC": "Decline"
                },
                {
                  "Severity (EDSS)": "Mild (0\u20132)",
                  "Time Since Onset": ">2\u20135 years",
                  "Life": "+90",
                  "WP": "Decline",
                  "ADB": "N/A",
                  "LTC": "Decline"
                },
                {
                  "Severity (EDSS)": "Mild (0\u20132)",
                  "Time Since Onset": ">5 years",
                  "Life": "+60",
                  "WP": "Decline",
                  "ADB": "N/A",
                  "LTC": "Decline"
                },
                {
                  "Severity (EDSS)": "Moderate (3\u20134)",
                  "Time Since Onset": "0\u20131 year",
                  "Life": "Postpone",
                  "WP": "Decline",
                  "ADB": "N/A",
                  "LTC": "Decline"
                },
                {
                  "Severity (EDSS)": "Moderate (3\u20134)",
                  "Time Since Onset": "1\u20132 years",
                  "Life": "Postpone",
                  "WP": "Decline",
                  "ADB": "N/A",
                  "LTC": "Decline"
                },
                {
                  "Severity (EDSS)": "Moderate (3\u20134)",
                  "Time Since Onset": ">2\u20135 years",
                  "Life": "+180",
                  "WP": "Decline",
                  "ADB": "N/A",
                  "LTC": "Decline"
                },
                {
                  "Severity (EDSS)": "Moderate (3\u20134)",
                  "Time Since Onset": ">5 years",
                  "Life": "+120",
                  "WP": "Decline",
                  "ADB": "N/A",
                  "LTC": "Decline"
                },
                {
                  "Severity (EDSS)": "Severe (5\u20136)",
                  "Time Since Onset": "0\u20132 years",
                  "Life": "Decline",
                  "WP": "Postpone",
                  "ADB": "N/A",
                  "LTC": "Decline"
                },
                {
                  "Severity (EDSS)": "Severe (5\u20136)",
                  "Time Since Onset": ">2\u20135 years",
                  "Life": "Postpone",
                  "WP": "Decline",
                  "ADB": "N/A",
                  "LTC": "Decline"
                },
                {
                  "Severity (EDSS)": "Severe (5\u20136)",
                  "Time Since Onset": ">5 years",
                  "Life": "+300",
                  "WP": "Decline",
                  "ADB": "N/A",
                  "LTC": "Decline"
                },
                {
                  "Severity (EDSS)": "Extreme (7+)",
                  "Time Since Onset": "Any time",
                  "Life": "Decline",
                  "WP": "Decline",
                  "ADB": "N/A",
                  "LTC": "Decline"
                }
              ],
              "notes": [
                "If no progression for 10+ years and stable MRI: Credit -60 to -120."
              ]
            }
          }
        ]
      ]
    },
    {
      "step_id": 3,
      "description": "Evaluate Primary or Secondary Progressive MS based on severity (EDSS) and time since onset to determine ratings for Life, WP, ADB, and LTC.",
      "segment_ids": [
        3
      ],
      "text_from_manual": [
        [
          {
            "table": {
              "title": "Primary or Secondary Progressive MS",
              "columns": [
                "Severity (EDSS)",
                "Time Since Onset",
                "Life",
                "WP",
                "ADB",
                "LTC"
              ],
              "rows": [
                {
                  "Severity (EDSS)": "Mild (0\u20132)",
                  "Time Since Onset": "0\u20132 years",
                  "Life": "Postpone",
                  "WP": "Decline",
                  "ADB": "N/A",
                  "LTC": "Decline"
                },
                {
                  "Severity (EDSS)": "Mild (0\u20132)",
                  "Time Since Onset": ">2 years",
                  "Life": "+220",
                  "WP": "Decline",
                  "ADB": "N/A",
                  "LTC": "Decline"
                },
                {
                  "Severity (EDSS)": "Moderate (3\u20134)",
                  "Time Since Onset": "0\u20132 years",
                  "Life": "Postpone",
                  "WP": "Decline",
                  "ADB": "N/A",
                  "LTC": "Decline"
                },
                {
                  "Severity (EDSS)": "Moderate (3\u20134)",
                  "Time Since Onset": ">2 years",
                  "Life": "+340",
                  "WP": "Decline",
                  "ADB": "N/A",
                  "LTC": "Decline"
                },
                {
                  "Severity (EDSS)": "Severe/Extreme",
                  "Time Since Onset": "Any time",
                  "Life": "Decline",
                  "WP": "Decline",
                  "ADB": "N/A",
                  "LTC": "Decline"
                }
              ],
              "notes": []
            }
          }
        ]
      ]
    },
    {
      "step_id": 4,
      "description": "Assess other MS variants (e.g., Devic disease, Marburg variant, Schilder disease, Balo concentric sclerosis, Myelitis) to determine ratings for Life, WP, ADB, and LTC.",
      "segment_ids": [
        4
      ],
      "text_from_manual": [
        [
          {
            "table": {
              "title": "Other MS Variants",
              "columns": [
                "Variant",
                "Life",
                "WP",
                "ADB",
                "LTC"
              ],
              "rows": [
                {
                  "Variant": "Devic disease",
                  "Life": "IC",
                  "WP": "IC",
                  "ADB": "IC",
                  "LTC": "IC"
                },
                {
                  "Variant": "Marburg variant",
                  "Life": "IC",
                  "WP": "IC",
                  "ADB": "IC",
                  "LTC": "IC"
                },
                {
                  "Variant": "Schilder disease",
                  "Life": "IC",
                  "WP": "IC",
                  "ADB": "IC",
                  "LTC": "IC"
                },
                {
                  "Variant": "Balo concentric sclerosis",
                  "Life": "IC",
                  "WP": "IC",
                  "ADB": "IC",
                  "LTC": "IC"
                },
                {
                  "Variant": "Myelitis",
                  "Life": "IC",
                  "WP": "IC",
                  "ADB": "IC",
                  "LTC": "IC"
                }
              ],
              "notes": []
            }
          }
        ]
      ]
    }
  ]
}