{
  "manual_section": "Parkinsons Disease",
  "steps": [
    {
      "step_id": 0,
      "description": "Determine the severity of Parkinson's disease using the classification criteria based on Schwab and England ADL, Hoehn and Yahr staging, symptoms, progression, and treatment response.",
      "segment_ids": [],
      "text_from_manual": [
        [
          {
            "table": {
              "title": "Classification of Severity",
              "columns": [
                "Criteria/Scale",
                "Very Mild",
                "Mild",
                "Moderate",
                "Severe"
              ],
              "rows": [
                {
                  "Criteria/Scale": "Schwab and England ADL",
                  "Very Mild": "100%",
                  "Mild": "80\u2013100%",
                  "Moderate": "50\u201379%",
                  "Severe": "<50%"
                },
                {
                  "Criteria/Scale": "Hoehn and Yahr",
                  "Very Mild": "Stage I",
                  "Mild": "Stage I",
                  "Moderate": "Stage II\u2013III",
                  "Severe": "Stage IV\u2013V"
                },
                {
                  "Criteria/Scale": "Activities of Daily Living",
                  "Very Mild": "Not affected",
                  "Mild": "Usually not affected",
                  "Moderate": "OT may help preserve independence",
                  "Severe": "Needs assistance with all ADLs"
                },
                {
                  "Criteria/Scale": "Balance/Gait",
                  "Very Mild": "Not affected",
                  "Mild": "Usually not affected",
                  "Moderate": "May develop problems, some postural instability",
                  "Severe": "Frequent problems"
                },
                {
                  "Criteria/Scale": "Cognitive",
                  "Very Mild": "Not affected",
                  "Mild": "Usually not affected",
                  "Moderate": "Usually not affected",
                  "Severe": "May be prominent, hallucinations/delusions"
                },
                {
                  "Criteria/Scale": "Falls",
                  "Very Mild": "None",
                  "Mild": "Usually none",
                  "Moderate": "Infrequent",
                  "Severe": "Frequent"
                },
                {
                  "Criteria/Scale": "Medication/Treatment",
                  "Very Mild": "None",
                  "Mild": "Works well, suppresses symptoms",
                  "Moderate": "May wear off, side effects",
                  "Severe": "Difficult to balance, may have had surgery"
                },
                {
                  "Criteria/Scale": "Movement",
                  "Very Mild": "Mild tremor, fingers only, one side",
                  "Mild": "Often tremor, one side, posture/walking changes",
                  "Moderate": "Both sides, slow movement, freezing",
                  "Severe": "Wheelchair/bed most of day"
                },
                {
                  "Criteria/Scale": "Progression",
                  "Very Mild": "Regular",
                  "Mild": "Regular",
                  "Moderate": "Regular",
                  "Severe": "Rapid"
                }
              ]
            }
          }
        ]
      ]
    },
    {
      "step_id": 1,
      "description": "Evaluate the severity of Parkinson\u2019s disease based on age and symptoms to determine the underwriting ratings for Life, WP, ADB, and LTC.",
      "segment_ids": [
        1
      ],
      "text_from_manual": [
        [
          {
            "table": {
              "title": "Parkinson\u2019s Disease Severity Chart (Synthetic, Revised)",
              "columns": [
                "Symptoms/Severity",
                "<50",
                "50\u201359",
                "60\u201369",
                "70\u201379",
                "80+",
                "WP",
                "ADB",
                "LTC"
              ],
              "rows": [
                {
                  "Symptoms/Severity": "Very Mild",
                  "<50": "+90",
                  "50\u201359": "+60",
                  "60\u201369": "+35",
                  "70\u201379": "+10",
                  "80+": "+0",
                  "WP": "Decline",
                  "ADB": "Decline",
                  "LTC": "Decline"
                },
                {
                  "Symptoms/Severity": "Mild",
                  "<50": "+130",
                  "50\u201359": "+90",
                  "60\u201369": "+55",
                  "70\u201379": "+25",
                  "80+": "Std",
                  "WP": "Decline",
                  "ADB": "Decline",
                  "LTC": "Decline"
                },
                {
                  "Symptoms/Severity": "Moderate",
                  "<50": "+210",
                  "50\u201359": "+130",
                  "60\u201369": "+80",
                  "70\u201379": "+50",
                  "80+": "+25",
                  "WP": "Decline",
                  "ADB": "Decline",
                  "LTC": "Decline"
                },
                {
                  "Symptoms/Severity": "Severe",
                  "<50": "Decline",
                  "50\u201359": "Decline",
                  "60\u201369": "Decline",
                  "70\u201379": "Decline",
                  "80+": "Decline",
                  "WP": "Decline",
                  "ADB": "Decline",
                  "LTC": "Decline"
                }
              ],
              "notes": []
            }
          }
        ]
      ]
    },
    {
      "step_id": 2,
      "description": "Assess early onset or familial Parkinson\u2019s disease (without symptoms) based on age and family history to determine the underwriting ratings for Life, WP, ADB, and LTC.",
      "segment_ids": [
        2
      ],
      "text_from_manual": [
        [
          {
            "table": {
              "title": "Early Onset / Familial Parkinson\u2019s (No Symptoms, Revised)",
              "columns": [
                "Age",
                "Life",
                "WP",
                "ADB",
                "LTC"
              ],
              "rows": [
                {
                  "Age": "18\u201350",
                  "Life": "+60",
                  "WP": "Decline",
                  "ADB": "Decline",
                  "LTC": "Decline"
                },
                {
                  "Age": "51\u201360",
                  "Life": "+35",
                  "WP": "Decline",
                  "ADB": "Decline",
                  "LTC": "Decline"
                },
                {
                  "Age": "61+",
                  "Life": "Std",
                  "WP": "Std",
                  "ADB": "Std",
                  "LTC": "Std"
                },
                {
                  "Age": "Family history/genetic positive (no test in applicant)",
                  "Life": "+0",
                  "WP": "+0",
                  "ADB": "+0",
                  "LTC": "+0"
                }
              ],
              "notes": []
            }
          }
        ]
      ]
    },
    {
      "step_id": 3,
      "description": "Determine underwriting ratings for other movement disorders, including specific conditions like Diffuse Lewy-body Disease, Shy-Drager syndrome, and Essential Tremor, based on the provided guidelines.",
      "segment_ids": [
        3
      ],
      "text_from_manual": [
        [
          {
            "table": {
              "title": "Other Movement Disorders (Synthetic, Revised)",
              "columns": [
                "Disorder",
                "Life",
                "WP",
                "ADB",
                "LTC"
              ],
              "rows": [
                {
                  "Disorder": "Diffuse Lewy-body Disease",
                  "Life": "Decline",
                  "WP": "Decline",
                  "ADB": "Decline",
                  "LTC": "Decline"
                },
                {
                  "Disorder": "Shy-Drager syndrome",
                  "Life": "Decline",
                  "WP": "Decline",
                  "ADB": "Decline",
                  "LTC": "Decline"
                },
                {
                  "Disorder": "Multisystem Atrophy",
                  "Life": "Decline",
                  "WP": "Decline",
                  "ADB": "Decline",
                  "LTC": "Decline"
                },
                {
                  "Disorder": "Olivopontocerebellar Atrophy",
                  "Life": "Decline",
                  "WP": "Decline",
                  "ADB": "Decline",
                  "LTC": "Decline"
                },
                {
                  "Disorder": "Drug Induced Parkinsonism",
                  "Life": "IC",
                  "WP": "Decline",
                  "ADB": "Decline",
                  "LTC": "IC"
                },
                {
                  "Disorder": "Pugilistic Parkinsonism",
                  "Life": "IC",
                  "WP": "Decline",
                  "ADB": "Decline",
                  "LTC": "Decline"
                },
                {
                  "Disorder": "Progressive Supranuclear Palsy",
                  "Life": "Decline",
                  "WP": "Decline",
                  "ADB": "Decline",
                  "LTC": "Decline"
                },
                {
                  "Disorder": "Essential Tremor",
                  "Life": "Refer to Essential Tremor guidelines",
                  "WP": "Refer to Essential Tremor guidelines",
                  "ADB": "Refer to Essential Tremor guidelines",
                  "LTC": "Refer to Essential Tremor guidelines"
                }
              ],
              "notes": [
                "Refer to Essential Tremor guidelines for the last row."
              ]
            }
          }
        ]
      ]
    }
  ]
}