{
  "manual_section": "Sleep Apnea",
  "steps": [
    {
      "step_id": 0,
      "description": "Determine the severity of sleep apnea using the classification criteria based on AHI (events/hour), oxygen desaturation, and symptoms/complications.",
      "segment_ids": [],
      "text_from_manual": [
        [
          {
            "table": {
              "title": "Classification of Severity",
              "columns": [
                "Severity",
                "AHI (events/hour)",
                "Oxygen Desaturation",
                "Symptoms/Complications"
              ],
              "rows": [
                {
                  "Severity": "Mild",
                  "AHI (events/hour)": "5\u201314",
                  "Oxygen Desaturation": "Minimal",
                  "Symptoms/Complications": "May have mild symptoms"
                },
                {
                  "Severity": "Moderate",
                  "AHI (events/hour)": "15\u201329",
                  "Oxygen Desaturation": "Moderate",
                  "Symptoms/Complications": "Daytime sleepiness, HTN"
                },
                {
                  "Severity": "Severe",
                  "AHI (events/hour)": "\u226530",
                  "Oxygen Desaturation": "Marked",
                  "Symptoms/Complications": "Marked symptoms, CVD, etc."
                }
              ]
            }
          }
        ]
      ]
    },
    {
      "step_id": 1,
      "description": "Determine the rating based on sleep apnea severity, AHI (events/hr), CPAP compliance, and age.",
      "segment_ids": [
        1
      ],
      "text_from_manual": [
        [
          {
            "table": {
              "title": "Sleep Apnea Rating Table (Synthetic Data)",
              "columns": [
                "Severity",
                "AHI (events/hr)",
                "CPAP Compliance",
                "Age <40",
                "Age 41\u00e2\u20ac\u201c69",
                "Age 70+"
              ],
              "rows": [
                {
                  "Severity": "Mild",
                  "AHI (events/hr)": "5\u00e2\u20ac\u201c14",
                  "CPAP Compliance": "Good",
                  "Age <40": "Standard",
                  "Age 41\u00e2\u20ac\u201c69": "Standard",
                  "Age 70+": "Standard"
                },
                {
                  "Severity": "Mild",
                  "AHI (events/hr)": "5\u00e2\u20ac\u201c14",
                  "CPAP Compliance": "Poor",
                  "Age <40": "+30",
                  "Age 41\u00e2\u20ac\u201c69": "+20",
                  "Age 70+": "+10"
                },
                {
                  "Severity": "Moderate",
                  "AHI (events/hr)": "15\u00e2\u20ac\u201c29",
                  "CPAP Compliance": "Good",
                  "Age <40": "+40",
                  "Age 41\u00e2\u20ac\u201c69": "+25",
                  "Age 70+": "Standard"
                },
                {
                  "Severity": "Moderate",
                  "AHI (events/hr)": "15\u00e2\u20ac\u201c29",
                  "CPAP Compliance": "Poor",
                  "Age <40": "+80",
                  "Age 41\u00e2\u20ac\u201c69": "+60",
                  "Age 70+": "+40"
                },
                {
                  "Severity": "Severe",
                  "AHI (events/hr)": "\u00e2\u2030\u00a530",
                  "CPAP Compliance": "Good",
                  "Age <40": "+90",
                  "Age 41\u00e2\u20ac\u201c69": "+70",
                  "Age 70+": "+50"
                },
                {
                  "Severity": "Severe",
                  "AHI (events/hr)": "\u00e2\u2030\u00a530",
                  "CPAP Compliance": "Poor",
                  "Age <40": "+160",
                  "Age 41\u00e2\u20ac\u201c69": "+120",
                  "Age 70+": "+80"
                },
                {
                  "Severity": "Any",
                  "AHI (events/hr)": "Any",
                  "CPAP Compliance": "Non-compliant",
                  "Age <40": "Decline",
                  "Age 41\u00e2\u20ac\u201c69": "Decline",
                  "Age 70+": "Decline"
                }
              ],
              "notes": []
            }
          }
        ]
      ]
    },
    {
      "step_id": 2,
      "description": "Evaluate additional factors such as history of motor vehicle accidents, uncontrolled hypertension, heart failure, and BMI to adjust the rating.",
      "segment_ids": [
        2
      ],
      "text_from_manual": [
        [
          {
            "table": {
              "title": "Other Factors",
              "columns": [
                "Factor",
                "Rating"
              ],
              "rows": [
                {
                  "Factor": "History of motor vehicle accident due to sleepiness",
                  "Rating": "Postpone or Decline"
                },
                {
                  "Factor": "Uncontrolled hypertension or heart failure",
                  "Rating": "Add +40 to +80 or Decline"
                },
                {
                  "Factor": "BMI >40",
                  "Rating": "Add +40 to +80"
                }
              ],
              "notes": []
            }
          }
        ]
      ]
    }
  ]
}